profile_id,platform_number,project_name,pi_name,cycle_number,direction,data_centre,dc_reference,data_state_indicator,data_mode,platform_type,float_serial_no,firmware_version,wmo_inst_type,juld,juld_qc,juld_location,latitude,longitude,position_qc,positioning_system,profile_pres_qc,profile_temp_qc,profile_psal_qc,vertical_sampling_scheme,config_mission_number,date,level,pres,pres_adjusted,temp,temp_adjusted,psal,psal_adjusted,pres_adjusted_error,temp_adjusted_error,psal_adjusted_error,pres_qc,pres_adjusted_qc,temp_qc,temp_adjusted_qc,psal_qc,psal_adjusted_qc
0,None,None,None,85,b'A',IN,None,None,b'A',None,None,None,None,24535.568460647948,b'1',24535.576851851773,4.152,83.383,b'1',None,b'B',b'B',b'B',None,2,2017-03-05 13:38:34,0,4.199999809265137,4.639999866485596,29.229999542236328,29.229999542236328,34.356998443603516,34.35693359375,None,None,None,b'1',b'1',b'1',b'1',b'1',b'1'
0,None,None,None,85,b'A',IN,None,None,b'A',None,None,None,None,24535.568460647948,b'1',24535.576851851773,4.152,83.383,b'1',None,b'B',b'B',b'B',None,2,2017-03-05 13:38:34,206,416.0,416.44000244140625,10.279000282287598,10.279000282287598,35.053001403808594,35.05280303955078,None,None,None,b'1',b'1',b'1',b'1',b'1',b'1'
0,None,None,None,85,b'A',IN,None,None,b'A',None,None,None,None,24535.568460647948,b'1',24535.576851851773,4.152,83.383,b'1',None,b'B',b'B',b'B',None,2,2017-03-05 13:38:34,205,414.0,414.44000244140625,10.28499984741211,10.28499984741211,35.053001403808594,35.05280303955078,None,None,None,b'1',b'1',b'1',b'1',b'1',b'1'
0,None,None,None,85,b'A',IN,None,None,b'A',None,None,None,None,24535.568460647948,b'1',24535.576851851773,4.152,83.383,b'1',None,b'B',b'B',b'B',None,2,2017-03-05 13:38:34,204,412.0,412.44000244140625,10.298999786376953,10.298999786376953,35.05400085449219,35.053802490234375,None,None,None,b'1',b'1',b'1',b'1',b'1',b'1'
0,None,None,None,85,b'A',IN,None,None,b'A',None,None,None,None,24535.568460647948,b'1',24535.576851851773,4.152,83.383,b'1',None,b'B',b'B',b'B',None,2,2017-03-05 13:38:34,203,410.0,410.44000244140625,10.340999603271484,10.340999603271484,35.05500030517578,35.05480194091797,None,None,None,b'1',b'1',b'1',b'1',b'1',b'1'
0,None,None,None,85,b'A',IN,None,None,b'A',None,None,None,None,24535.568460647948,b'1',24535.576851851773,4.152,83.383,b'1',None,b'B',b'B',b'B',None,2,2017-03-05 13:38:34,202,408.0,408.44000244140625,10.354000091552734,10.354000091552734,35.055999755859375,35.05580139160156,None,None,None,b'1',b'1',b'1',b'1',b'1',b'1'
0,None,None,None,85,b'A',IN,None,None,b'A',None,None,None,None,24535.568460647948,b'1',24535.576851851773,4.152,83.383,b'1',None,b'B',b'B',b'B',None,2,2017-03-05 13:38:34,201,406.0,406.44000244140625,10.366999626159668,10.366999626159668,35.05500030517578,35.05480194091797,None,None,None,b'1',b'1',b'1',b'1',b'1',b'1'
0,None,None,None,85,b'A',IN,None,None,b'A',None,None,None,None,24535.568460647948,b'1',24535.576851851773,4.152,83.383,b'1',None,b'B',b'B',b'B',None,2,2017-03-05 13:38:34,200,404.0,404.44000244140625,10.378000259399414,10.378000259399414,35.05699920654297,35.05680465698242,None,None,None,b'1',b'1',b'1',b'1',b'1',b'1'
0,None,None,None,85,b'A',IN,None,None,b'A',None,None,None,None,24535.568460647948,b'1',24535.576851851773,4.152,83.383,b'1',None,b'B',b'B',b'B',None,2,2017-03-05 13:38:34,199,402.0,402.44000244140625,10.390999794006348,10.390999794006348,35.058998107910156,35.05880355834961,None,None,None,b'1',b'1',b'1',b'1',b'1',b'1'
0,None,None,None,85,b'A',IN,None,None,b'A',None,None,None,None,24535.568460647948,b'1',24535.576851851773,4.152,83.383,b'1',None,b'B',b'B',b'B',None,2,2017-03-05 13:38:34,198,400.0,400.44000244140625,10.399999618530273,10.399999618530273,35.060001373291016,35.0598030090332,None,None,None,b'1',b'1',b'1',b'1',b'1',b'1'
0,None,None,None,85,b'A',IN,None,None,b'A',None,None,None,None,24535.568460647948,b'1',24535.576851851773,4.152,83.383,b'1',None,b'B',b'B',b'B',None,2,2017-03-05 13:38:34,197,398.0,398.44000244140625,10.411999702453613,10.411999702453613,35.060001373291016,35.0598030090332,None,None,None,b'1',b'1',b'1',b'1',b'1',b'1'
0,None,None,None,85,b'A',IN,None,None,b'A',None,None,None,None,24535.568460647948,b'1',24535.576851851773,4.152,83.383,b'1',None,b'B',b'B',b'B',None,2,2017-03-05 13:38:34,196,396.0,396.44000244140625,10.42199993133545,10.42199993133545,35.06100082397461,35.0608024597168,None,None,None,b'1',b'1',b'1',b'1',b'1',b'1'
0,None,None,None,85,b'A',IN,None,None,b'A',None,None,None,None,24535.568460647948,b'1',24535.576851851773,4.152,83.383,b'1',None,b'B',b'B',b'B',None,2,2017-03-05 13:38:34,195,394.0,394.44000244140625,10.46399974822998,10.46399974822998,35.06100082397461,35.0608024597168,None,None,None,b'1',b'1',b'1',b'1',b'1',b'1'
0,None,None,None,85,b'A',IN,None,None,b'A',None,None,None,None,24535.568460647948,b'1',24535.576851851773,4.152,83.383,b'1',None,b'B',b'B',b'B',None,2,2017-03-05 13:38:34,194,392.0,392.44000244140625,10.487000465393066,10.487000465393066,35.0620002746582,35.06180191040039,None,None,None,b'1',b'1',b'1',b'1',b'1',b'1'
0,None,None,None,85,b'A',IN,None,None,b'A',None,None,None,None,24535.568460647948,b'1',24535.576851851773,4.152,83.383,b'1',None,b'B',b'B',b'B',None,2,2017-03-05 13:38:34,193,390.0,390.44000244140625,10.493000030517578,10.493000030517578,35.0620002746582,35.06180191040039,None,None,None,b'1',b'1',b'1',b'1',b'1',b'1'
0,None,None,None,85,b'A',IN,None,None,b'A',None,None,None,None,24535.568460647948,b'1',24535.576851851773,4.152,83.383,b'1',None,b'B',b'B',b'B',None,2,2017-03-05 13:38:34,192,388.0,388.44000244140625,10.501999855041504,10.501999855041504,35.0629997253418,35.06280517578125,None,None,None,b'1',b'1',b'1',b'1',b'1',b'1'
0,None,None,None,85,b'A',IN,None,None,b'A',None,None,None,None,24535.568460647948,b'1',24535.576851851773,4.152,83.383,b'1',None,b'B',b'B',b'B',None,2,2017-03-05 13:38:34,207,418.0,418.44000244140625,10.27299976348877,10.27299976348877,35.053001403808594,35.05280303955078,None,None,None,b'1',b'1',b'1',b'1',b'1',b'1'
0,None,None,None,85,b'A',IN,None,None,b'A',None,None,None,None,24535.568460647948,b'1',24535.576851851773,4.152,83.383,b'1',None,b'B',b'B',b'B',None,2,2017-03-05 13:38:34,191,386.1000061035156,386.5400085449219,10.505999565124512,10.505999565124512,35.0629997253418,35.06280517578125,None,None,None,b'1',b'1',b'1',b'1',b'1',b'1'
0,None,None,None,85,b'A',IN,None,None,b'A',None,None,None,None,24535.568460647948,b'1',24535.576851851773,4.152,83.383,b'1',None,b'B',b'B',b'B',None,2,2017-03-05 13:38:34,208,420.0,420.44000244140625,10.267000198364258,10.267000198364258,35.053001403808594,35.05280303955078,None,None,None,b'1',b'1',b'1',b'1',b'1',b'1'
0,None,None,None,85,b'A',IN,None,None,b'A',None,None,None,None,24535.568460647948,b'1',24535.576851851773,4.152,83.383,b'1',None,b'B',b'B',b'B',None,2,2017-03-05 13:38:34,210,424.0,424.44000244140625,10.222000122070312,10.222000122070312,35.051998138427734,35.05180358886719,None,None,None,b'1',b'1',b'1',b'1',b'1',b'1'
0,None,None,None,85,b'A',IN,None,None,b'A',None,None,None,None,24535.568460647948,b'1',24535.576851851773,4.152,83.383,b'1',None,b'B',b'B',b'B',None,2,2017-03-05 13:38:34,225,454.0,454.44000244140625,10.024999618530273,10.024999618530273,35.04999923706055,35.049800872802734,None,None,None,b'1',b'1',b'1',b'1',b'1',b'1'
0,None,None,None,85,b'A',IN,None,None,b'A',None,None,None,None,24535.568460647948,b'1',24535.576851851773,4.152,83.383,b'1',None,b'B',b'B',b'B',None,2,2017-03-05 13:38:34,224,452.0,452.44000244140625,10.041000366210938,10.041000366210938,35.04999923706055,35.049800872802734,None,None,None,b'1',b'1',b'1',b'1',b'1',b'1'
0,None,None,None,85,b'A',IN,None,None,b'A',None,None,None,None,24535.568460647948,b'1',24535.576851851773,4.152,83.383,b'1',None,b'B',b'B',b'B',None,2,2017-03-05 13:38:34,223,450.0,450.44000244140625,10.04699993133545,10.04699993133545,35.04999923706055,35.049800872802734,None,None,None,b'1',b'1',b'1',b'1',b'1',b'1'
0,None,None,None,85,b'A',IN,None,None,b'A',None,None,None,None,24535.568460647948,b'1',24535.576851851773,4.152,83.383,b'1',None,b'B',b'B',b'B',None,2,2017-03-05 13:38:34,222,448.0,448.44000244140625,10.069000244140625,10.069000244140625,35.04999923706055,35.049800872802734,None,None,None,b'1',b'1',b'1',b'1',b'1',b'1'
0,None,None,None,85,b'A',IN,None,None,b'A',None,None,None,None,24535.568460647948,b'1',24535.576851851773,4.152,83.383,b'1',None,b'B',b'B',b'B',None,2,2017-03-05 13:38:34,221,446.0,446.44000244140625,10.090999603271484,10.090999603271484,35.04999923706055,35.049800872802734,None,None,None,b'1',b'1',b'1',b'1',b'1',b'1'
0,None,None,None,85,b'A',IN,None,None,b'A',None,None,None,None,24535.568460647948,b'1',24535.576851851773,4.152,83.383,b'1',None,b'B',b'B',b'B',None,2,2017-03-05 13:38:34,220,444.0,444.44000244140625,10.102999687194824,10.102999687194824,35.04999923706055,35.049800872802734,None,None,None,b'1',b'1',b'1',b'1',b'1',b'1'
0,None,None,None,85,b'A',IN,None,None,b'A',None,None,None,None,24535.568460647948,b'1',24535.576851851773,4.152,83.383,b'1',None,b'B',b'B',b'B',None,2,2017-03-05 13:38:34,219,442.0,442.44000244140625,10.114999771118164,10.114999771118164,35.05099868774414,35.050804138183594,None,None,None,b'1',b'1',b'1',b'1',b'1',b'1'
0,None,None,None,85,b'A',IN,None,None,b'A',None,None,None,None,24535.568460647948,b'1',24535.576851851773,4.152,83.383,b'1',None,b'B',b'B',b'B',None,2,2017-03-05 13:38:34,218,440.0,440.44000244140625,10.119999885559082,10.119999885559082,35.05099868774414,35.050804138183594,None,None,None,b'1',b'1',b'1',b'1',b'1',b'1'
0,None,None,None,85,b'A',IN,None,None,b'A',None,None,None,None,24535.568460647948,b'1',24535.576851851773,4.152,83.383,b'1',None,b'B',b'B',b'B',None,2,2017-03-05 13:38:34,217,438.0,438.44000244140625,10.12399959564209,10.12399959564209,35.05099868774414,35.050804138183594,None,None,None,b'1',b'1',b'1',b'1',b'1',b'1'
0,None,None,None,85,b'A',IN,None,None,b'A',None,None,None,None,24535.568460647948,b'1',24535.576851851773,4.152,83.383,b'1',None,b'B',b'B',b'B',None,2,2017-03-05 13:38:34,216,436.0,436.44000244140625,10.138999938964844,10.138999938964844,35.05099868774414,35.050804138183594,None,None,None,b'1',b'1',b'1',b'1',b'1',b'1'
0,None,None,None,85,b'A',IN,None,None,b'A',None,None,None,None,24535.568460647948,b'1',24535.576851851773,4.152,83.383,b'1',None,b'B',b'B',b'B',None,2,2017-03-05 13:38:34,215,434.0,434.44000244140625,10.145000457763672,10.145000457763672,35.051998138427734,35.05180358886719,None,None,None,b'1',b'1',b'1',b'1',b'1',b'1'
0,None,None,None,85,b'A',IN,None,None,b'A',None,None,None,None,24535.568460647948,b'1',24535.576851851773,4.152,83.383,b'1',None,b'B',b'B',b'B',None,2,2017-03-05 13:38:34,214,432.0,432.44000244140625,10.154999732971191,10.154999732971191,35.051998138427734,35.05180358886719,None,None,None,b'1',b'1',b'1',b'1',b'1',b'1'
0,None,None,None,85,b'A',IN,None,None,b'A',None,None,None,None,24535.568460647948,b'1',24535.576851851773,4.152,83.383,b'1',None,b'B',b'B',b'B',None,2,2017-03-05 13:38:34,213,430.0,430.44000244140625,10.17199993133545,10.17199993133545,35.051998138427734,35.05180358886719,None,None,None,b'1',b'1',b'1',b'1',b'1',b'1'
0,None,None,None,85,b'A',IN,None,None,b'A',None,None,None,None,24535.568460647948,b'1',24535.576851851773,4.152,83.383,b'1',None,b'B',b'B',b'B',None,2,2017-03-05 13:38:34,212,428.0,428.44000244140625,10.177000045776367,10.177000045776367,35.051998138427734,35.05180358886719,None,None,None,b'1',b'1',b'1',b'1',b'1',b'1'
0,None,None,None,85,b'A',IN,None,None,b'A',None,None,None,None,24535.568460647948,b'1',24535.576851851773,4.152,83.383,b'1',None,b'B',b'B',b'B',None,2,2017-03-05 13:38:34,211,426.0,426.44000244140625,10.1899995803833,10.1899995803833,35.051998138427734,35.05180358886719,None,None,None,b'1',b'1',b'1',b'1',b'1',b'1'
0,None,None,None,85,b'A',IN,None,None,b'A',None,None,None,None,24535.568460647948,b'1',24535.576851851773,4.152,83.383,b'1',None,b'B',b'B',b'B',None,2,2017-03-05 13:38:34,209,422.0,422.44000244140625,10.243000030517578,10.243000030517578,35.051998138427734,35.05180358886719,None,None,None,b'1',b'1',b'1',b'1',b'1',b'1'
0,None,None,None,85,b'A',IN,None,None,b'A',None,None,None,None,24535.568460647948,b'1',24535.576851851773,4.152,83.383,b'1',None,b'B',b'B',b'B',None,2,2017-03-05 13:38:34,226,456.0,456.44000244140625,10.012999534606934,10.012999534606934,35.04899978637695,35.04880142211914,None,None,None,b'1',b'1',b'1',b'1',b'1',b'1'
0,None,None,None,85,b'A',IN,None,None,b'A',None,None,None,None,24535.568460647948,b'1',24535.576851851773,4.152,83.383,b'1',None,b'B',b'B',b'B',None,2,2017-03-05 13:38:34,190,384.0,384.44000244140625,10.513999938964844,10.513999938964844,35.0629997253418,35.06280517578125,None,None,None,b'1',b'1',b'1',b'1',b'1',b'1'
0,None,None,None,85,b'A',IN,None,None,b'A',None,None,None,None,24535.568460647948,b'1',24535.576851851773,4.152,83.383,b'1',None,b'B',b'B',b'B',None,2,2017-03-05 13:38:34,188,380.0,380.44000244140625,10.553999900817871,10.553999900817871,35.064998626708984,35.06480407714844,None,None,None,b'1',b'1',b'1',b'1',b'1',b'1'
0,None,None,None,85,b'A',IN,None,None,b'A',None,None,None,None,24535.568460647948,b'1',24535.576851851773,4.152,83.383,b'1',None,b'B',b'B',b'B',None,2,2017-03-05 13:38:34,168,340.0,340.44000244140625,10.927000045776367,10.927000045776367,35.08100128173828,35.080806732177734,None,None,None,b'1',b'1',b'1',b'1',b'1',b'1'
0,None,None,None,85,b'A',IN,None,None,b'A',None,None,None,None,24535.568460647948,b'1',24535.576851851773,4.152,83.383,b'1',None,b'B',b'B',b'B',None,2,2017-03-05 13:38:34,167,338.0,338.44000244140625,10.944999694824219,10.944999694824219,35.08000183105469,35.07980728149414,None,None,None,b'1',b'1',b'1',b'1',b'1',b'1'
0,None,None,None,85,b'A',IN,None,None,b'A',None,None,None,None,24535.568460647948,b'1',24535.576851851773,4.152,83.383,b'1',None,b'B',b'B',b'B',None,2,2017-03-05 13:38:34,166,336.0,336.44000244140625,10.954000473022461,10.954000473022461,35.07899856567383,35.07880401611328,None,None,None,b'1',b'1',b'1',b'1',b'1',b'1'
0,None,None,None,85,b'A',IN,None,None,b'A',None,None,None,None,24535.568460647948,b'1',24535.576851851773,4.152,83.383,b'1',None,b'B',b'B',b'B',None,2,2017-03-05 13:38:34,165,334.0,334.44000244140625,10.960000038146973,10.960000038146973,35.07899856567383,35.07880401611328,None,None,None,b'1',b'1',b'1',b'1',b'1',b'1'
0,None,None,None,85,b'A',IN,None,None,b'A',None,None,None,None,24535.568460647948,b'1',24535.576851851773,4.152,83.383,b'1',None,b'B',b'B',b'B',None,2,2017-03-05 13:38:34,164,332.0,332.44000244140625,10.968999862670898,10.968999862670898,35.077999114990234,35.07780456542969,None,None,None,b'1',b'1',b'1',b'1',b'1',b'1'
0,None,None,None,85,b'A',IN,None,None,b'A',None,None,None,None,24535.568460647948,b'1',24535.576851851773,4.152,83.383,b'1',None,b'B',b'B',b'B',None,2,2017-03-05 13:38:34,163,330.0,330.44000244140625,10.97599983215332,10.97599983215332,35.071998596191406,35.07180404663086,None,None,None,b'1',b'1',b'1',b'1',b'1',b'1'
0,None,None,None,85,b'A',IN,None,None,b'A',None,None,None,None,24535.568460647948,b'1',24535.576851851773,4.152,83.383,b'1',None,b'B',b'B',b'B',None,2,2017-03-05 13:38:34,162,328.1000061035156,328.5400085449219,11.008000373840332,11.008000373840332,35.07400131225586,35.07380676269531,None,None,None,b'1',b'1',b'1',b'1',b'1',b'1'
0,None,None,None,85,b'A',IN,None,None,b'A',None,None,None,None,24535.568460647948,b'1',24535.576851851773,4.152,83.383,b'1',None,b'B',b'B',b'B',None,2,2017-03-05 13:38:34,161,326.0,326.44000244140625,11.053000450134277,11.053000450134277,35.07400131225586,35.07380676269531,None,None,None,b'1',b'1',b'1',b'1',b'1',b'1'
0,None,None,None,85,b'A',IN,None,None,b'A',None,None,None,None,24535.568460647948,b'1',24535.576851851773,4.152,83.383,b'1',None,b'B',b'B',b'B',None,2,2017-03-05 13:38:34,160,324.0,324.44000244140625,11.071000099182129,11.071000099182129,35.069000244140625,35.06880569458008,None,None,None,b'1',b'1',b'1',b'1',b'1',b'1'
0,None,None,None,85,b'A',IN,None,None,b'A',None,None,None,None,24535.568460647948,b'1',24535.576851851773,4.152,83.383,b'1',None,b'B',b'B',b'B',None,2,2017-03-05 13:38:34,159,322.0,322.44000244140625,11.07699966430664,11.07699966430664,35.06800079345703,35.067806243896484,None,None,None,b'1',b'1',b'1',b'1',b'1',b'1'
0,None,None,None,85,b'A',IN,None,None,b'A',None,None,None,None,24535.568460647948,b'1',24535.576851851773,4.152,83.383,b'1',None,b'B',b'B',b'B',None,2,2017-03-05 13:38:34,158,320.0,320.44000244140625,11.092000007629395,11.092000007629395,35.064998626708984,35.06480407714844,None,None,None,b'1',b'1',b'1',b'1',b'1',b'1'
0,None,None,None,85,b'A',IN,None,None,b'A',None,None,None,None,24535.568460647948,b'1',24535.576851851773,4.152,83.383,b'1',None,b'B',b'B',b'B',None,2,2017-03-05 13:38:34,157,318.0,318.44000244140625,11.126999855041504,11.126999855041504,35.060001373291016,35.05980682373047,None,None,None,b'1',b'1',b'1',b'1',b'1',b'1'
0,None,None,None,85,b'A',IN,None,None,b'A',None,None,None,None,24535.568460647948,b'1',24535.576851851773,4.152,83.383,b'1',None,b'B',b'B',b'B',None,2,2017-03-05 13:38:34,156,316.0,316.44000244140625,11.138999938964844,11.138999938964844,35.06100082397461,35.06080627441406,None,None,None,b'1',b'1',b'1',b'1',b'1',b'1'
0,None,None,None,85,b'A',IN,None,None,b'A',None,None,None,None,24535.568460647948,b'1',24535.576851851773,4.152,83.383,b'1',None,b'B',b'B',b'B',None,2,2017-03-05 13:38:34,155,314.0,314.44000244140625,11.14799976348877,11.14799976348877,35.06100082397461,35.06080627441406,None,None,None,b'1',b'1',b'1',b'1',b'1',b'1'
0,None,None,None,85,b'A',IN,None,None,b'A',None,None,None,None,24535.568460647948,b'1',24535.576851851773,4.152,83.383,b'1',None,b'B',b'B',b'B',None,2,2017-03-05 13:38:34,154,312.0,312.44000244140625,11.157999992370605,11.157999992370605,35.0629997253418,35.06280517578125,None,None,None,b'1',b'1',b'1',b'1',b'1',b'1'
0,None,None,None,85,b'A',IN,None,None,b'A',None,None,None,None,24535.568460647948,b'1',24535.576851851773,4.152,83.383,b'1',None,b'B',b'B',b'B',None,2,2017-03-05 13:38:34,169,342.0,342.44000244140625,10.906999588012695,10.906999588012695,35.082000732421875,35.08180618286133,None,None,None,b'1',b'1',b'1',b'1',b'1',b'1'
0,None,None,None,85,b'A',IN,None,None,b'A',None,None,None,None,24535.568460647948,b'1',24535.576851851773,4.152,83.383,b'1',None,b'B',b'B',b'B',None,2,2017-03-05 13:38:34,189,382.0,382.44000244140625,10.527999877929688,10.527999877929688,35.06399917602539,35.063804626464844,None,None,None,b'1',b'1',b'1',b'1',b'1',b'1'
0,None,None,None,85,b'A',IN,None,None,b'A',None,None,None,None,24535.568460647948,b'1',24535.576851851773,4.152,83.383,b'1',None,b'B',b'B',b'B',None,2,2017-03-05 13:38:34,170,344.0,344.44000244140625,10.880999565124512,10.880999565124512,35.08100128173828,35.080806732177734,None,None,None,b'1',b'1',b'1',b'1',b'1',b'1'
0,None,None,None,85,b'A',IN,None,None,b'A',None,None,None,None,24535.568460647948,b'1',24535.576851851773,4.152,83.383,b'1',None,b'B',b'B',b'B',None,2,2017-03-05 13:38:34,172,348.0,348.44000244140625,10.807999610900879,10.807999610900879,35.077999114990234,35.07780456542969,None,None,None,b'1',b'1',b'1',b'1',b'1',b'1'
0,None,None,None,85,b'A',IN,None,None,b'A',None,None,None,None,24535.568460647948,b'1',24535.576851851773,4.152,83.383,b'1',None,b'B',b'B',b'B',None,2,2017-03-05 13:38:34,187,377.8999938964844,378.3399963378906,10.567000389099121,10.567000389099121,35.0620002746582,35.061805725097656,None,None,None,b'1',b'1',b'1',b'1',b'1',b'1'
0,None,None,None,85,b'A',IN,None,None,b'A',None,None,None,None,24535.568460647948,b'1',24535.576851851773,4.152,83.383,b'1',None,b'B',b'B',b'B',None,2,2017-03-05 13:38:34,186,376.0,376.44000244140625,10.581000328063965,10.581000328063965,35.0620002746582,35.061805725097656,None,None,None,b'1',b'1',b'1',b'1',b'1',b'1'
0,None,None,None,85,b'A',IN,None,None,b'A',None,None,None,None,24535.568460647948,b'1',24535.576851851773,4.152,83.383,b'1',None,b'B',b'B',b'B',None,2,2017-03-05 13:38:34,185,374.0,374.44000244140625,10.593000411987305,10.593000411987305,35.0629997253418,35.06280517578125,None,None,None,b'1',b'1',b'1',b'1',b'1',b'1'
0,None,None,None,85,b'A',IN,None,None,b'A',None,None,None,None,24535.568460647948,b'1',24535.576851851773,4.152,83.383,b'1',None,b'B',b'B',b'B',None,2,2017-03-05 13:38:34,184,372.0,372.44000244140625,10.607000350952148,10.607000350952148,35.06399917602539,35.063804626464844,None,None,None,b'1',b'1',b'1',b'1',b'1',b'1'
0,None,None,None,85,b'A',IN,None,None,b'A',None,None,None,None,24535.568460647948,b'1',24535.576851851773,4.152,83.383,b'1',None,b'B',b'B',b'B',None,2,2017-03-05 13:38:34,183,370.0,370.44000244140625,10.616000175476074,10.616000175476074,35.066001892089844,35.06580352783203,None,None,None,b'1',b'1',b'1',b'1',b'1',b'1'
0,None,None,None,85,b'A',IN,None,None,b'A',None,None,None,None,24535.568460647948,b'1',24535.576851851773,4.152,83.383,b'1',None,b'B',b'B',b'B',None,2,2017-03-05 13:38:34,182,368.0,368.44000244140625,10.64900016784668,10.64900016784668,35.06999969482422,35.06980514526367,None,None,None,b'1',b'1',b'1',b'1',b'1',b'1'
0,None,None,None,85,b'A',IN,None,None,b'A',None,None,None,None,24535.568460647948,b'1',24535.576851851773,4.152,83.383,b'1',None,b'B',b'B',b'B',None,2,2017-03-05 13:38:34,181,366.0,366.44000244140625,10.664999961853027,10.664999961853027,35.06999969482422,35.06980514526367,None,None,None,b'1',b'1',b'1',b'1',b'1',b'1'
0,None,None,None,85,b'A',IN,None,None,b'A',None,None,None,None,24535.568460647948,b'1',24535.576851851773,4.152,83.383,b'1',None,b'B',b'B',b'B',None,2,2017-03-05 13:38:34,180,364.0,364.44000244140625,10.680000305175781,10.680000305175781,35.07099914550781,35.070804595947266,None,None,None,b'1',b'1',b'1',b'1',b'1',b'1'
0,None,None,None,85,b'A',IN,None,None,b'A',None,None,None,None,24535.568460647948,b'1',24535.576851851773,4.152,83.383,b'1',None,b'B',b'B',b'B',None,2,2017-03-05 13:38:34,179,362.0,362.44000244140625,10.6899995803833,10.6899995803833,35.071998596191406,35.07180404663086,None,None,None,b'1',b'1',b'1',b'1',b'1',b'1'
0,None,None,None,85,b'A',IN,None,None,b'A',None,None,None,None,24535.568460647948,b'1',24535.576851851773,4.152,83.383,b'1',None,b'B',b'B',b'B',None,2,2017-03-05 13:38:34,178,360.0,360.44000244140625,10.699999809265137,10.699999809265137,35.073001861572266,35.07280349731445,None,None,None,b'1',b'1',b'1',b'1',b'1',b'1'
0,None,None,None,85,b'A',IN,None,None,b'A',None,None,None,None,24535.568460647948,b'1',24535.576851851773,4.152,83.383,b'1',None,b'B',b'B',b'B',None,2,2017-03-05 13:38:34,177,358.0,358.44000244140625,10.711000442504883,10.711000442504883,35.07400131225586,35.07380294799805,None,None,None,b'1',b'1',b'1',b'1',b'1',b'1'
0,None,None,None,85,b'A',IN,None,None,b'A',None,None,None,None,24535.568460647948,b'1',24535.576851851773,4.152,83.383,b'1',None,b'B',b'B',b'B',None,2,2017-03-05 13:38:34,176,356.0,356.44000244140625,10.73900032043457,10.73900032043457,35.07500076293945,35.074806213378906,None,None,None,b'1',b'1',b'1',b'1',b'1',b'1'
0,None,None,None,85,b'A',IN,None,None,b'A',None,None,None,None,24535.568460647948,b'1',24535.576851851773,4.152,83.383,b'1',None,b'B',b'B',b'B',None,2,2017-03-05 13:38:34,175,354.0,354.44000244140625,10.765999794006348,10.765999794006348,35.07500076293945,35.074806213378906,None,None,None,b'1',b'1',b'1',b'1',b'1',b'1'
0,None,None,None,85,b'A',IN,None,None,b'A',None,None,None,None,24535.568460647948,b'1',24535.576851851773,4.152,83.383,b'1',None,b'B',b'B',b'B',None,2,2017-03-05 13:38:34,174,352.0,352.44000244140625,10.784000396728516,10.784000396728516,35.07699966430664,35.076805114746094,None,None,None,b'1',b'1',b'1',b'1',b'1',b'1'
0,None,None,None,85,b'A',IN,None,None,b'A',None,None,None,None,24535.568460647948,b'1',24535.576851851773,4.152,83.383,b'1',None,b'B',b'B',b'B',None,2,2017-03-05 13:38:34,173,350.0,350.44000244140625,10.802000045776367,10.802000045776367,35.077999114990234,35.07780456542969,None,None,None,b'1',b'1',b'1',b'1',b'1',b'1'
0,None,None,None,85,b'A',IN,None,None,b'A',None,None,None,None,24535.568460647948,b'1',24535.576851851773,4.152,83.383,b'1',None,b'B',b'B',b'B',None,2,2017-03-05 13:38:34,171,346.0,346.44000244140625,10.821999549865723,10.821999549865723,35.077999114990234,35.07780456542969,None,None,None,b'1',b'1',b'1',b'1',b'1',b'1'
0,None,None,None,85,b'A',IN,None,None,b'A',None,None,None,None,24535.568460647948,b'1',24535.576851851773,4.152,83.383,b'1',None,b'B',b'B',b'B',None,2,2017-03-05 13:38:34,227,458.0,458.44000244140625,10.010000228881836,10.010000228881836,35.04899978637695,35.04880142211914,None,None,None,b'1',b'1',b'1',b'1',b'1',b'1'
0,None,None,None,85,b'A',IN,None,None,b'A',None,None,None,None,24535.568460647948,b'1',24535.576851851773,4.152,83.383,b'1',None,b'B',b'B',b'B',None,2,2017-03-05 13:38:34,228,460.0,460.44000244140625,10.003999710083008,10.003999710083008,35.04899978637695,35.04880142211914,None,None,None,b'1',b'1',b'1',b'1',b'1',b'1'
0,None,None,None,85,b'A',IN,None,None,b'A',None,None,None,None,24535.568460647948,b'1',24535.576851851773,4.152,83.383,b'1',None,b'B',b'B',b'B',None,2,2017-03-05 13:38:34,229,462.0,462.44000244140625,9.98799991607666,9.98799991607666,35.04899978637695,35.04880142211914,None,None,None,b'1',b'1',b'1',b'1',b'1',b'1'
1,None,None,None,85,b'A',IN,None,None,b'A',None,None,None,None,24535.568460647948,b'1',24535.576851851773,4.152,83.383,b'1',None,b'D',b'D',b'D',None,2,2017-03-05 13:38:34,37,649.1500244140625,649.5900268554688,8.99209976196289,8.99209976196289,35.031898498535156,35.031898498535156,None,None,None,b'1',b'1',b'1',b'1',b'1',b'1'
1,None,None,None,85,b'A',IN,None,None,b'A',None,None,None,None,24535.568460647948,b'1',24535.576851851773,4.152,83.383,b'1',None,b'D',b'D',b'D',None,2,2017-03-05 13:38:34,36,598.9299926757812,599.3699951171875,9.294699668884277,9.294699668884277,35.03799819946289,35.03799819946289,None,None,None,b'1',b'1',b'1',b'1',b'1',b'1'
1,None,None,None,85,b'A',IN,None,None,b'A',None,None,None,None,24535.568460647948,b'1',24535.576851851773,4.152,83.383,b'1',None,b'D',b'D',b'D',None,2,2017-03-05 13:38:34,35,548.5900268554688,549.030029296875,9.474499702453613,9.474499702453613,35.03739929199219,35.03739929199219,None,None,None,b'1',b'1',b'1',b'1',b'1',b'1'
1,None,None,None,85,b'A',IN,None,None,b'A',None,None,None,None,24535.568460647948,b'1',24535.576851851773,4.152,83.383,b'1',None,b'D',b'D',b'D',None,2,2017-03-05 13:38:34,34,498.67999267578125,499.1199951171875,9.74429988861084,9.74429988861084,35.04159927368164,35.04159927368164,None,None,None,b'1',b'1',b'1',b'1',b'1',b'1'
1,None,None,None,85,b'A',IN,None,None,b'A',None,None,None,None,24535.568460647948,b'1',24535.576851851773,4.152,83.383,b'1',None,b'D',b'D',b'D',None,2,2017-03-05 13:38:34,33,451.6600036621094,452.1000061035156,10.04259967803955,10.04259967803955,35.04990005493164,35.04990005493164,None,None,None,b'3',b'3',b'3',b'3',b'3',b'3'
1,None,None,None,85,b'A',IN,None,None,b'A',None,None,None,None,24535.568460647948,b'1',24535.576851851773,4.152,83.383,b'1',None,b'D',b'D',b'D',None,2,2017-03-05 13:38:34,32,401.05999755859375,401.5,10.393799781799316,10.393799781799316,35.05939865112305,35.05939865112305,None,None,None,b'3',b'3',b'3',b'3',b'3',b'3'
1,None,None,None,85,b'A',IN,None,None,b'A',None,None,None,None,24535.568460647948,b'1',24535.576851851773,4.152,83.383,b'1',None,b'D',b'D',b'D',None,2,2017-03-05 13:38:34,31,361.6099853515625,362.04998779296875,10.692000389099121,10.692000389099121,35.072200775146484,35.072200775146484,None,None,None,b'3',b'3',b'3',b'3',b'3',b'3'
1,None,None,None,85,b'A',IN,None,None,b'A',None,None,None,None,24535.568460647948,b'1',24535.576851851773,4.152,83.383,b'1',None,b'D',b'D',b'D',None,2,2017-03-05 13:38:34,30,331.54998779296875,331.989990234375,10.971400260925293,10.971400260925293,35.07749938964844,35.07749938964844,None,None,None,b'3',b'3',b'3',b'3',b'3',b'3'
1,None,None,None,85,b'A',IN,None,None,b'A',None,None,None,None,24535.568460647948,b'1',24535.576851851773,4.152,83.383,b'1',None,b'D',b'D',b'D',None,2,2017-03-05 13:38:34,29,301.0899963378906,301.5299987792969,11.185999870300293,11.185999870300293,35.0625,35.0625,None,None,None,b'3',b'3',b'3',b'3',b'3',b'3'
1,None,None,None,85,b'A',IN,None,None,b'A',None,None,None,None,24535.568460647948,b'1',24535.576851851773,4.152,83.383,b'1',None,b'D',b'D',b'D',None,2,2017-03-05 13:38:34,28,281.1300048828125,281.57000732421875,11.541000366210938,11.541000366210938,35.08440017700195,35.08440017700195,None,None,None,b'3',b'3',b'3',b'3',b'3',b'3'
1,None,None,None,85,b'A',IN,None,None,b'A',None,None,None,None,24535.568460647948,b'1',24535.576851851773,4.152,83.383,b'1',None,b'D',b'D',b'D',None,2,2017-03-05 13:38:34,27,260.4599914550781,260.8999938964844,11.712400436401367,11.712400436401367,35.08620071411133,35.08620071411133,None,None,None,b'3',b'3',b'3',b'3',b'3',b'3'
1,None,None,None,85,b'A',IN,None,None,b'A',None,None,None,None,24535.568460647948,b'1',24535.576851851773,4.152,83.383,b'1',None,b'D',b'D',b'D',None,2,2017-03-05 13:38:34,26,240.9199981689453,241.36000061035156,11.920000076293945,11.920000076293945,35.08689880371094,35.08689880371094,None,None,None,b'3',b'3',b'3',b'3',b'3',b'3'
1,None,None,None,85,b'A',IN,None,None,b'A',None,None,None,None,24535.568460647948,b'1',24535.576851851773,4.152,83.383,b'1',None,b'D',b'D',b'D',None,2,2017-03-05 13:38:34,25,220.9600067138672,221.39999389648438,12.293100357055664,12.293100357055664,35.090599060058594,35.090599060058594,None,None,None,b'3',b'3',b'3',b'3',b'3',b'3'
1,None,None,None,85,b'A',IN,None,None,b'A',None,None,None,None,24535.568460647948,b'1',24535.576851851773,4.152,83.383,b'1',None,b'D',b'D',b'D',None,2,2017-03-05 13:38:34,24,201.55999755859375,202.0,12.57390022277832,12.57390022277832,35.10319900512695,35.10319900512695,None,None,None,b'3',b'3',b'3',b'3',b'3',b'3'
1,None,None,None,85,b'A',IN,None,None,b'A',None,None,None,None,24535.568460647948,b'1',24535.576851851773,4.152,83.383,b'1',None,b'D',b'D',b'D',None,2,2017-03-05 13:38:34,23,191.47000122070312,191.91000366210938,12.644000053405762,12.644000053405762,35.09590148925781,35.09590148925781,None,None,None,b'3',b'3',b'3',b'3',b'3',b'3'
1,None,None,None,85,b'A',IN,None,None,b'A',None,None,None,None,24535.568460647948,b'1',24535.576851851773,4.152,83.383,b'1',None,b'D',b'D',b'D',None,2,2017-03-05 13:38:34,38,699.5700073242188,700.010009765625,8.508899688720703,8.508899688720703,35.01020050048828,35.01020050048828,None,None,None,b'1',b'1',b'1',b'1',b'1',b'1'
1,None,None,None,85,b'A',IN,None,None,b'A',None,None,None,None,24535.568460647948,b'1',24535.576851851773,4.152,83.383,b'1',None,b'D',b'D',b'D',None,2,2017-03-05 13:38:34,22,180.4199981689453,180.86000061035156,12.9483003616333,12.9483003616333,35.06520080566406,35.06520080566406,None,None,None,b'3',b'3',b'3',b'3',b'3',b'3'
1,None,None,None,85,b'A',IN,None,None,b'A',None,None,None,None,24535.568460647948,b'1',24535.576851851773,4.152,83.383,b'1',None,b'D',b'D',b'D',None,2,2017-03-05 13:38:34,39,749.77001953125,750.2100219726562,8.016900062561035,8.016900062561035,34.99660110473633,34.99660110473633,None,None,None,b'1',b'1',b'1',b'1',b'1',b'1'
1,None,None,None,85,b'A',IN,None,None,b'A',None,None,None,None,24535.568460647948,b'1',24535.576851851773,4.152,83.383,b'1',None,b'D',b'D',b'D',None,2,2017-03-05 13:38:34,41,848.6099853515625,849.0499877929688,7.430300235748291,7.430300235748291,34.97060012817383,34.97060012817383,None,None,None,b'1',b'1',b'1',b'1',b'1',b'1'
1,None,None,None,85,b'A',IN,None,None,b'A',None,None,None,None,24535.568460647948,b'1',24535.576851851773,4.152,83.383,b'1',None,b'D',b'D',b'D',None,2,2017-03-05 13:38:34,56,1797.8499755859375,1798.2900390625,3.2414000034332275,3.2414000034332275,34.80400085449219,34.80400085449219,None,None,None,b'1',b'1',b'1',b'1',b'1',b'1'
1,None,None,None,85,b'A',IN,None,None,b'A',None,None,None,None,24535.568460647948,b'1',24535.576851851773,4.152,83.383,b'1',None,b'D',b'D',b'D',None,2,2017-03-05 13:38:34,55,1698.6300048828125,1699.0699462890625,3.5385000705718994,3.5385000705718994,34.81760025024414,34.81760025024414,None,None,None,b'1',b'1',b'1',b'1',b'1',b'1'
1,None,None,None,85,b'A',IN,None,None,b'A',None,None,None,None,24535.568460647948,b'1',24535.576851851773,4.152,83.383,b'1',None,b'D',b'D',b'D',None,2,2017-03-05 13:38:34,54,1599.1600341796875,1599.5999755859375,4.019199848175049,4.019199848175049,34.83700180053711,34.83700180053711,None,None,None,b'1',b'1',b'1',b'1',b'1',b'1'
1,None,None,None,85,b'A',IN,None,None,b'A',None,None,None,None,24535.568460647948,b'1',24535.576851851773,4.152,83.383,b'1',None,b'D',b'D',b'D',None,2,2017-03-05 13:38:34,53,1498.3399658203125,1498.780029296875,4.519899845123291,4.519899845123291,34.85770034790039,34.85770034790039,None,None,None,b'1',b'1',b'1',b'1',b'1',b'1'
1,None,None,None,85,b'A',IN,None,None,b'A',None,None,None,None,24535.568460647948,b'1',24535.576851851773,4.152,83.383,b'1',None,b'D',b'D',b'D',None,2,2017-03-05 13:38:34,52,1399.5400390625,1399.97998046875,5.0625,5.0625,34.8765983581543,34.8765983581543,None,None,None,b'1',b'1',b'1',b'1',b'1',b'1'
1,None,None,None,85,b'A',IN,None,None,b'A',None,None,None,None,24535.568460647948,b'1',24535.576851851773,4.152,83.383,b'1',None,b'D',b'D',b'D',None,2,2017-03-05 13:38:34,51,1349.68994140625,1350.1300048828125,5.295000076293945,5.295000076293945,34.887298583984375,34.887298583984375,None,None,None,b'1',b'1',b'1',b'1',b'1',b'1'
1,None,None,None,85,b'A',IN,None,None,b'A',None,None,None,None,24535.568460647948,b'1',24535.576851851773,4.152,83.383,b'1',None,b'D',b'D',b'D',None,2,2017-03-05 13:38:34,50,1299.31005859375,1299.75,5.529799938201904,5.529799938201904,34.895198822021484,34.895198822021484,None,None,None,b'1',b'1',b'1',b'1',b'1',b'1'
1,None,None,None,85,b'A',IN,None,None,b'A',None,None,None,None,24535.568460647948,b'1',24535.576851851773,4.152,83.383,b'1',None,b'D',b'D',b'D',None,2,2017-03-05 13:38:34,49,1248.7099609375,1249.1500244140625,5.752600193023682,5.752600193023682,34.902099609375,34.902099609375,None,None,None,b'1',b'1',b'1',b'1',b'1',b'1'
1,None,None,None,85,b'A',IN,None,None,b'A',None,None,None,None,24535.568460647948,b'1',24535.576851851773,4.152,83.383,b'1',None,b'D',b'D',b'D',None,2,2017-03-05 13:38:34,48,1198.8800048828125,1199.3199462890625,5.973499774932861,5.973499774932861,34.91270065307617,34.91270065307617,None,None,None,b'1',b'1',b'1',b'1',b'1',b'1'
1,None,None,None,85,b'A',IN,None,None,b'A',None,None,None,None,24535.568460647948,b'1',24535.576851851773,4.152,83.383,b'1',None,b'D',b'D',b'D',None,2,2017-03-05 13:38:34,47,1149.3299560546875,1149.77001953125,6.1596999168396,6.1596999168396,34.9208984375,34.9208984375,None,None,None,b'1',b'1',b'1',b'1',b'1',b'1'
1,None,None,None,85,b'A',IN,None,None,b'A',None,None,None,None,24535.568460647948,b'1',24535.576851851773,4.152,83.383,b'1',None,b'D',b'D',b'D',None,2,2017-03-05 13:38:34,46,1099.6600341796875,1100.0999755859375,6.3516998291015625,6.3516998291015625,34.92789840698242,34.92789840698242,None,None,None,b'1',b'1',b'1',b'1',b'1',b'1'
1,None,None,None,85,b'A',IN,None,None,b'A',None,None,None,None,24535.568460647948,b'1',24535.576851851773,4.152,83.383,b'1',None,b'D',b'D',b'D',None,2,2017-03-05 13:38:34,45,1049.5799560546875,1050.02001953125,6.629499912261963,6.629499912261963,34.94070053100586,34.94070053100586,None,None,None,b'1',b'1',b'1',b'1',b'1',b'1'
1,None,None,None,85,b'A',IN,None,None,b'A',None,None,None,None,24535.568460647948,b'1',24535.576851851773,4.152,83.383,b'1',None,b'D',b'D',b'D',None,2,2017-03-05 13:38:34,44,998.9299926757812,999.3699951171875,6.903900146484375,6.903900146484375,34.95180130004883,34.95180130004883,None,None,None,b'1',b'1',b'1',b'1',b'1',b'1'
1,None,None,None,85,b'A',IN,None,None,b'A',None,None,None,None,24535.568460647948,b'1',24535.576851851773,4.152,83.383,b'1',None,b'D',b'D',b'D',None,2,2017-03-05 13:38:34,43,948.9600219726562,949.4000244140625,7.16349983215332,7.16349983215332,34.96269989013672,34.96269989013672,None,None,None,b'1',b'1',b'1',b'1',b'1',b'1'
1,None,None,None,85,b'A',IN,None,None,b'A',None,None,None,None,24535.568460647948,b'1',24535.576851851773,4.152,83.383,b'1',None,b'D',b'D',b'D',None,2,2017-03-05 13:38:34,42,899.2899780273438,899.72998046875,7.247399806976318,7.247399806976318,34.96649932861328,34.96649932861328,None,None,None,b'1',b'1',b'1',b'1',b'1',b'1'
1,None,None,None,85,b'A',IN,None,None,b'A',None,None,None,None,24535.568460647948,b'1',24535.576851851773,4.152,83.383,b'1',None,b'D',b'D',b'D',None,2,2017-03-05 13:38:34,40,799.2100219726562,799.6500244140625,7.777299880981445,7.777299880981445,34.99980163574219,34.99980163574219,None,None,None,b'1',b'1',b'1',b'1',b'1',b'1'
1,None,None,None,85,b'A',IN,None,None,b'A',None,None,None,None,24535.568460647948,b'1',24535.576851851773,4.152,83.383,b'1',None,b'D',b'D',b'D',None,2,2017-03-05 13:38:34,21,171.07000732421875,171.50999450683594,13.235799789428711,13.235799789428711,35.06930160522461,35.06930160522461,None,None,None,b'3',b'3',b'3',b'3',b'3',b'3'
1,None,None,None,85,b'A',IN,None,None,b'A',None,None,None,None,24535.568460647948,b'1',24535.576851851773,4.152,83.383,b'1',None,b'D',b'D',b'D',None,2,2017-03-05 13:38:34,20,160.9499969482422,161.38999938964844,13.39840030670166,13.39840030670166,35.06589889526367,35.06589889526367,None,None,None,b'3',b'3',b'3',b'3',b'3',b'3'
1,None,None,None,85,b'A',IN,None,None,b'A',None,None,None,None,24535.568460647948,b'1',24535.576851851773,4.152,83.383,b'1',None,b'D',b'D',b'D',None,2,2017-03-05 13:38:34,19,151.4199981689453,151.86000061035156,13.69480037689209,13.69480037689209,35.02299880981445,35.02299880981445,None,None,None,b'3',b'3',b'3',b'3',b'3',b'3'
0,None,None,None,85,b'A',IN,None,None,b'A',None,None,None,None,24535.568460647948,b'1',24535.576851851773,4.152,83.383,b'1',None,b'B',b'B',b'B',None,2,2017-03-05 13:38:34,244,491.1000061035156,,9.756999969482422,,35.07099914550781,,None,None,None,b'4',b'4',b'4',b'4',b'4',b'4'
0,None,None,None,85,b'A',IN,None,None,b'A',None,None,None,None,24535.568460647948,b'1',24535.576851851773,4.152,83.383,b'1',None,b'B',b'B',b'B',None,2,2017-03-05 13:38:34,243,490.0,490.44000244140625,9.795999526977539,9.795999526977539,35.042999267578125,35.04280090332031,None,None,None,b'1',b'1',b'1',b'1',b'1',b'1'
0,None,None,None,85,b'A',IN,None,None,b'A',None,None,None,None,24535.568460647948,b'1',24535.576851851773,4.152,83.383,b'1',None,b'B',b'B',b'B',None,2,2017-03-05 13:38:34,242,488.0,488.44000244140625,9.817999839782715,9.817999839782715,35.042999267578125,35.04280090332031,None,None,None,b'1',b'1',b'1',b'1',b'1',b'1'
0,None,None,None,85,b'A',IN,None,None,b'A',None,None,None,None,24535.568460647948,b'1',24535.576851851773,4.152,83.383,b'1',None,b'B',b'B',b'B',None,2,2017-03-05 13:38:34,241,486.0,486.44000244140625,9.835000038146973,9.835000038146973,35.04399871826172,35.043800354003906,None,None,None,b'1',b'1',b'1',b'1',b'1',b'1'
0,None,None,None,85,b'A',IN,None,None,b'A',None,None,None,None,24535.568460647948,b'1',24535.576851851773,4.152,83.383,b'1',None,b'B',b'B',b'B',None,2,2017-03-05 13:38:34,240,484.0,484.44000244140625,9.842000007629395,9.842000007629395,35.04399871826172,35.043800354003906,None,None,None,b'1',b'1',b'1',b'1',b'1',b'1'
0,None,None,None,85,b'A',IN,None,None,b'A',None,None,None,None,24535.568460647948,b'1',24535.576851851773,4.152,83.383,b'1',None,b'B',b'B',b'B',None,2,2017-03-05 13:38:34,239,482.0,482.44000244140625,9.847000122070312,9.847000122070312,35.04499816894531,35.0447998046875,None,None,None,b'1',b'1',b'1',b'1',b'1',b'1'
0,None,None,None,85,b'A',IN,None,None,b'A',None,None,None,None,24535.568460647948,b'1',24535.576851851773,4.152,83.383,b'1',None,b'B',b'B',b'B',None,2,2017-03-05 13:38:34,238,480.0,480.44000244140625,9.857000350952148,9.857000350952148,35.04499816894531,35.0447998046875,None,None,None,b'1',b'1',b'1',b'1',b'1',b'1'
0,None,None,None,85,b'A',IN,None,None,b'A',None,None,None,None,24535.568460647948,b'1',24535.576851851773,4.152,83.383,b'1',None,b'B',b'B',b'B',None,2,2017-03-05 13:38:34,237,478.0,478.44000244140625,9.866000175476074,9.866000175476074,35.04499816894531,35.0447998046875,None,None,None,b'1',b'1',b'1',b'1',b'1',b'1'
0,None,None,None,85,b'A',IN,None,None,b'A',None,None,None,None,24535.568460647948,b'1',24535.576851851773,4.152,83.383,b'1',None,b'B',b'B',b'B',None,2,2017-03-05 13:38:34,236,476.0,476.44000244140625,9.876999855041504,9.876999855041504,35.04600143432617,35.04580307006836,None,None,None,b'1',b'1',b'1',b'1',b'1',b'1'
0,None,None,None,85,b'A',IN,None,None,b'A',None,None,None,None,24535.568460647948,b'1',24535.576851851773,4.152,83.383,b'1',None,b'B',b'B',b'B',None,2,2017-03-05 13:38:34,235,474.0,474.44000244140625,9.888999938964844,9.888999938964844,35.04600143432617,35.04580307006836,None,None,None,b'1',b'1',b'1',b'1',b'1',b'1'
0,None,None,None,85,b'A',IN,None,None,b'A',None,None,None,None,24535.568460647948,b'1',24535.576851851773,4.152,83.383,b'1',None,b'B',b'B',b'B',None,2,2017-03-05 13:38:34,234,472.0,472.44000244140625,9.89900016784668,9.89900016784668,35.04600143432617,35.04580307006836,None,None,None,b'1',b'1',b'1',b'1',b'1',b'1'
0,None,None,None,85,b'A',IN,None,None,b'A',None,None,None,None,24535.568460647948,b'1',24535.576851851773,4.152,83.383,b'1',None,b'B',b'B',b'B',None,2,2017-03-05 13:38:34,233,470.0,470.44000244140625,9.90999984741211,9.90999984741211,35.04600143432617,35.04580307006836,None,None,None,b'1',b'1',b'1',b'1',b'1',b'1'
0,None,None,None,85,b'A',IN,None,None,b'A',None,None,None,None,24535.568460647948,b'1',24535.576851851773,4.152,83.383,b'1',None,b'B',b'B',b'B',None,2,2017-03-05 13:38:34,232,468.0,468.44000244140625,9.925999641418457,9.925999641418457,35.047000885009766,35.04680252075195,None,None,None,b'1',b'1',b'1',b'1',b'1',b'1'
0,None,None,None,85,b'A',IN,None,None,b'A',None,None,None,None,24535.568460647948,b'1',24535.576851851773,4.152,83.383,b'1',None,b'B',b'B',b'B',None,2,2017-03-05 13:38:34,231,466.0,466.44000244140625,9.956999778747559,9.956999778747559,35.04800033569336,35.04780197143555,None,None,None,b'1',b'1',b'1',b'1',b'1',b'1'
0,None,None,None,85,b'A',IN,None,None,b'A',None,None,None,None,24535.568460647948,b'1',24535.576851851773,4.152,83.383,b'1',None,b'B',b'B',b'B',None,2,2017-03-05 13:38:34,230,464.0,464.44000244140625,9.972999572753906,9.972999572753906,35.04800033569336,35.04780197143555,None,None,None,b'1',b'1',b'1',b'1',b'1',b'1'
0,None,None,None,85,b'A',IN,None,None,b'A',None,None,None,None,24535.568460647948,b'1',24535.576851851773,4.152,83.383,b'1',None,b'B',b'B',b'B',None,2,2017-03-05 13:38:34,245,0.0,,0.0,,,,None,None,None,b'4',b'4',b'4',b'4',b'4',b'4'
1,None,None,None,85,b'A',IN,None,None,b'A',None,None,None,None,24535.568460647948,b'1',24535.576851851773,4.152,83.383,b'1',None,b'D',b'D',b'D',None,2,2017-03-05 13:38:34,0,5.559999942779541,6.0,29.18440055847168,29.18440055847168,34.35929870605469,34.35929870605469,None,None,None,b'3',b'3',b'3',b'3',b'3',b'3'
1,None,None,None,85,b'A',IN,None,None,b'A',None,None,None,None,24535.568460647948,b'1',24535.576851851773,4.152,83.383,b'1',None,b'D',b'D',b'D',None,2,2017-03-05 13:38:34,1,11.420000076293945,11.859999656677246,29.047700881958008,29.047700881958008,34.33620071411133,34.33620071411133,None,None,None,b'3',b'3',b'3',b'3',b'3',b'3'
1,None,None,None,85,b'A',IN,None,None,b'A',None,None,None,None,24535.568460647948,b'1',24535.576851851773,4.152,83.383,b'1',None,b'D',b'D',b'D',None,2,2017-03-05 13:38:34,2,16.3700008392334,16.809999465942383,28.928199768066406,28.928199768066406,34.30619812011719,34.30619812011719,None,None,None,b'3',b'3',b'3',b'3',b'3',b'3'
1,None,None,None,85,b'A',IN,None,None,b'A',None,None,None,None,24535.568460647948,b'1',24535.576851851773,4.152,83.383,b'1',None,b'D',b'D',b'D',None,2,2017-03-05 13:38:34,18,141.33999633789062,141.77999877929688,14.46560001373291,14.46560001373291,34.9922981262207,34.9922981262207,None,None,None,b'3',b'3',b'3',b'3',b'3',b'3'
1,None,None,None,85,b'A',IN,None,None,b'A',None,None,None,None,24535.568460647948,b'1',24535.576851851773,4.152,83.383,b'1',None,b'D',b'D',b'D',None,2,2017-03-05 13:38:34,17,131.5500030517578,131.99000549316406,15.261699676513672,15.261699676513672,34.95669937133789,34.95669937133789,None,None,None,b'3',b'3',b'3',b'3',b'3',b'3'
1,None,None,None,85,b'A',IN,None,None,b'A',None,None,None,None,24535.568460647948,b'1',24535.576851851773,4.152,83.383,b'1',None,b'D',b'D',b'D',None,2,2017-03-05 13:38:34,16,121.91000366210938,122.3499984741211,16.694499969482422,16.694499969482422,34.938899993896484,34.938899993896484,None,None,None,b'3',b'3',b'3',b'3',b'3',b'3'
1,None,None,None,85,b'A',IN,None,None,b'A',None,None,None,None,24535.568460647948,b'1',24535.576851851773,4.152,83.383,b'1',None,b'D',b'D',b'D',None,2,2017-03-05 13:38:34,15,111.9000015258789,112.33999633789062,18.649200439453125,18.649200439453125,34.77539825439453,34.77539825439453,None,None,None,b'3',b'3',b'3',b'3',b'3',b'3'
1,None,None,None,85,b'A',IN,None,None,b'A',None,None,None,None,24535.568460647948,b'1',24535.576851851773,4.152,83.383,b'1',None,b'D',b'D',b'D',None,2,2017-03-05 13:38:34,14,101.66999816894531,102.11000061035156,19.342300415039062,19.342300415039062,34.69430160522461,34.69430160522461,None,None,None,b'3',b'3',b'3',b'3',b'3',b'3'
1,None,None,None,85,b'A',IN,None,None,b'A',None,None,None,None,24535.568460647948,b'1',24535.576851851773,4.152,83.383,b'1',None,b'D',b'D',b'D',None,2,2017-03-05 13:38:34,13,91.69999694824219,92.13999938964844,23.122699737548828,23.122699737548828,34.810298919677734,34.810298919677734,None,None,None,b'3',b'3',b'3',b'3',b'3',b'3'
1,None,None,None,85,b'A',IN,None,None,b'A',None,None,None,None,24535.568460647948,b'1',24535.576851851773,4.152,83.383,b'1',None,b'D',b'D',b'D',None,2,2017-03-05 13:38:34,12,81.55000305175781,81.98999786376953,24.51799964904785,24.51799964904785,34.99290084838867,34.99290084838867,None,None,None,b'3',b'3',b'3',b'3',b'3',b'3'
0,None,None,None,85,b'A',IN,None,None,b'A',None,None,None,None,24535.568460647948,b'1',24535.576851851773,4.152,83.383,b'1',None,b'B',b'B',b'B',None,2,2017-03-05 13:38:34,153,310.0,310.44000244140625,11.159000396728516,11.159000396728516,35.0620002746582,35.061805725097656,None,None,None,b'1',b'1',b'1',b'1',b'1',b'1'
1,None,None,None,85,b'A',IN,None,None,b'A',None,None,None,None,24535.568460647948,b'1',24535.576851851773,4.152,83.383,b'1',None,b'D',b'D',b'D',None,2,2017-03-05 13:38:34,11,71.61000061035156,72.05000305175781,27.280899047851562,27.280899047851562,35.13140106201172,35.13140106201172,None,None,None,b'3',b'3',b'3',b'3',b'3',b'3'
1,None,None,None,85,b'A',IN,None,None,b'A',None,None,None,None,24535.568460647948,b'1',24535.576851851773,4.152,83.383,b'1',None,b'D',b'D',b'D',None,2,2017-03-05 13:38:34,9,51.709999084472656,52.150001525878906,29.080900192260742,29.080900192260742,35.11389923095703,35.11389923095703,None,None,None,b'3',b'3',b'3',b'3',b'3',b'3'
1,None,None,None,85,b'A',IN,None,None,b'A',None,None,None,None,24535.568460647948,b'1',24535.576851851773,4.152,83.383,b'1',None,b'D',b'D',b'D',None,2,2017-03-05 13:38:34,8,46.56999969482422,47.0099983215332,28.8031005859375,28.8031005859375,34.787899017333984,34.787899017333984,None,None,None,b'3',b'3',b'3',b'3',b'3',b'3'
1,None,None,None,85,b'A',IN,None,None,b'A',None,None,None,None,24535.568460647948,b'1',24535.576851851773,4.152,83.383,b'1',None,b'D',b'D',b'D',None,2,2017-03-05 13:38:34,7,41.81999969482422,42.2599983215332,28.766799926757812,28.766799926757812,34.595699310302734,34.595699310302734,None,None,None,b'3',b'3',b'3',b'3',b'3',b'3'
1,None,None,None,85,b'A',IN,None,None,b'A',None,None,None,None,24535.568460647948,b'1',24535.576851851773,4.152,83.383,b'1',None,b'D',b'D',b'D',None,2,2017-03-05 13:38:34,6,36.869998931884766,37.310001373291016,28.715299606323242,28.715299606323242,34.44940185546875,34.44940185546875,None,None,None,b'3',b'3',b'3',b'3',b'3',b'3'
1,None,None,None,85,b'A',IN,None,None,b'A',None,None,None,None,24535.568460647948,b'1',24535.576851851773,4.152,83.383,b'1',None,b'D',b'D',b'D',None,2,2017-03-05 13:38:34,5,31.84000015258789,32.279998779296875,28.706300735473633,28.706300735473633,34.39699935913086,34.39699935913086,None,None,None,b'3',b'3',b'3',b'3',b'3',b'3'
1,None,None,None,85,b'A',IN,None,None,b'A',None,None,None,None,24535.568460647948,b'1',24535.576851851773,4.152,83.383,b'1',None,b'D',b'D',b'D',None,2,2017-03-05 13:38:34,4,26.75,27.190000534057617,28.72879981994629,28.72879981994629,34.33420181274414,34.33420181274414,None,None,None,b'3',b'3',b'3',b'3',b'3',b'3'
1,None,None,None,85,b'A',IN,None,None,b'A',None,None,None,None,24535.568460647948,b'1',24535.576851851773,4.152,83.383,b'1',None,b'D',b'D',b'D',None,2,2017-03-05 13:38:34,3,21.559999465942383,22.0,28.763500213623047,28.763500213623047,34.291500091552734,34.291500091552734,None,None,None,b'3',b'3',b'3',b'3',b'3',b'3'
1,None,None,None,85,b'A',IN,None,None,b'A',None,None,None,None,24535.568460647948,b'1',24535.576851851773,4.152,83.383,b'1',None,b'D',b'D',b'D',None,2,2017-03-05 13:38:34,10,61.56999969482422,62.0099983215332,28.155799865722656,28.155799865722656,35.06520080566406,35.06520080566406,None,None,None,b'3',b'3',b'3',b'3',b'3',b'3'
1,None,None,None,85,b'A',IN,None,None,b'A',None,None,None,None,24535.568460647948,b'1',24535.576851851773,4.152,83.383,b'1',None,b'D',b'D',b'D',None,2,2017-03-05 13:38:34,57,1898.6099853515625,1899.050048828125,2.978100061416626,2.978100061416626,34.79199981689453,34.79199981689453,None,None,None,b'1',b'1',b'1',b'1',b'1',b'1'
0,None,None,None,85,b'A',IN,None,None,b'A',None,None,None,None,24535.568460647948,b'1',24535.576851851773,4.152,83.383,b'1',None,b'B',b'B',b'B',None,2,2017-03-05 13:38:34,152,308.0,308.44000244140625,11.159000396728516,11.159000396728516,35.0620002746582,35.061805725097656,None,None,None,b'1',b'1',b'1',b'1',b'1',b'1'
0,None,None,None,85,b'A',IN,None,None,b'A',None,None,None,None,24535.568460647948,b'1',24535.576851851773,4.152,83.383,b'1',None,b'B',b'B',b'B',None,2,2017-03-05 13:38:34,150,304.0,304.44000244140625,11.164999961853027,11.164999961853027,35.0620002746582,35.061805725097656,None,None,None,b'1',b'1',b'1',b'1',b'1',b'1'
0,None,None,None,85,b'A',IN,None,None,b'A',None,None,None,None,24535.568460647948,b'1',24535.576851851773,4.152,83.383,b'1',None,b'B',b'B',b'B',None,2,2017-03-05 13:38:34,53,110.30000305175781,110.73999786376953,18.66699981689453,18.66699981689453,34.77299880981445,34.77284622192383,None,None,None,b'1',b'1',b'1',b'1',b'1',b'1'
0,None,None,None,85,b'A',IN,None,None,b'A',None,None,None,None,24535.568460647948,b'1',24535.576851851773,4.152,83.383,b'1',None,b'B',b'B',b'B',None,2,2017-03-05 13:38:34,52,108.0,108.44000244140625,18.798999786376953,18.798999786376953,34.750999450683594,34.75084686279297,None,None,None,b'1',b'1',b'1',b'1',b'1',b'1'
0,None,None,None,85,b'A',IN,None,None,b'A',None,None,None,None,24535.568460647948,b'1',24535.576851851773,4.152,83.383,b'1',None,b'B',b'B',b'B',None,2,2017-03-05 13:38:34,51,106.0,106.44000244140625,18.926000595092773,18.926000595092773,34.75,34.749847412109375,None,None,None,b'1',b'1',b'1',b'1',b'1',b'1'
0,None,None,None,85,b'A',IN,None,None,b'A',None,None,None,None,24535.568460647948,b'1',24535.576851851773,4.152,83.383,b'1',None,b'B',b'B',b'B',None,2,2017-03-05 13:38:34,50,104.0,104.44000244140625,19.1200008392334,19.1200008392334,34.733001708984375,34.73284912109375,None,None,None,b'1',b'1',b'1',b'1',b'1',b'1'
0,None,None,None,85,b'A',IN,None,None,b'A',None,None,None,None,24535.568460647948,b'1',24535.576851851773,4.152,83.383,b'1',None,b'B',b'B',b'B',None,2,2017-03-05 13:38:34,49,101.9000015258789,102.33999633789062,19.336000442504883,19.336000442504883,34.69499969482422,34.694854736328125,None,None,None,b'1',b'1',b'1',b'1',b'1',b'1'
0,None,None,None,85,b'A',IN,None,None,b'A',None,None,None,None,24535.568460647948,b'1',24535.576851851773,4.152,83.383,b'1',None,b'B',b'B',b'B',None,2,2017-03-05 13:38:34,48,100.0999984741211,100.54000091552734,19.385000228881836,19.385000228881836,34.691001892089844,34.690853118896484,None,None,None,b'1',b'1',b'1',b'1',b'1',b'1'
0,None,None,None,85,b'A',IN,None,None,b'A',None,None,None,None,24535.568460647948,b'1',24535.576851851773,4.152,83.383,b'1',None,b'B',b'B',b'B',None,2,2017-03-05 13:38:34,47,97.30000305175781,97.73999786376953,21.159000396728516,21.159000396728516,34.707000732421875,34.70685958862305,None,None,None,b'1',b'1',b'1',b'1',b'1',b'1'
0,None,None,None,85,b'A',IN,None,None,b'A',None,None,None,None,24535.568460647948,b'1',24535.576851851773,4.152,83.383,b'1',None,b'B',b'B',b'B',None,2,2017-03-05 13:38:34,46,96.69999694824219,97.13999938964844,21.724000930786133,21.724000930786133,34.709999084472656,34.709861755371094,None,None,None,b'1',b'1',b'1',b'1',b'1',b'1'
0,None,None,None,85,b'A',IN,None,None,b'A',None,None,None,None,24535.568460647948,b'1',24535.576851851773,4.152,83.383,b'1',None,b'B',b'B',b'B',None,2,2017-03-05 13:38:34,45,94.0,94.44000244140625,22.586999893188477,22.586999893188477,34.750999450683594,34.75086212158203,None,None,None,b'1',b'1',b'1',b'1',b'1',b'1'
0,None,None,None,85,b'A',IN,None,None,b'A',None,None,None,None,24535.568460647948,b'1',24535.576851851773,4.152,83.383,b'1',None,b'B',b'B',b'B',None,2,2017-03-05 13:38:34,44,91.9000015258789,92.33999633789062,23.08099937438965,23.08099937438965,34.805999755859375,34.80585861206055,None,None,None,b'1',b'1',b'1',b'1',b'1',b'1'
0,None,None,None,85,b'A',IN,None,None,b'A',None,None,None,None,24535.568460647948,b'1',24535.576851851773,4.152,83.383,b'1',None,b'B',b'B',b'B',None,2,2017-03-05 13:38:34,43,90.0,90.44000244140625,23.367000579833984,23.367000579833984,34.84700012207031,34.846858978271484,None,None,None,b'1',b'1',b'1',b'1',b'1',b'1'
0,None,None,None,85,b'A',IN,None,None,b'A',None,None,None,None,24535.568460647948,b'1',24535.576851851773,4.152,83.383,b'1',None,b'B',b'B',b'B',None,2,2017-03-05 13:38:34,42,88.0,88.44000244140625,23.54199981689453,23.54199981689453,34.875,34.87485885620117,None,None,None,b'1',b'1',b'1',b'1',b'1',b'1'
0,None,None,None,85,b'A',IN,None,None,b'A',None,None,None,None,24535.568460647948,b'1',24535.576851851773,4.152,83.383,b'1',None,b'B',b'B',b'B',None,2,2017-03-05 13:38:34,41,86.0999984741211,86.54000091552734,23.832000732421875,23.832000732421875,34.92399978637695,34.923858642578125,None,None,None,b'1',b'1',b'1',b'1',b'1',b'1'
0,None,None,None,85,b'A',IN,None,None,b'A',None,None,None,None,24535.568460647948,b'1',24535.576851851773,4.152,83.383,b'1',None,b'B',b'B',b'B',None,2,2017-03-05 13:38:34,40,84.0,84.44000244140625,24.174999237060547,24.174999237060547,34.981998443603516,34.98185729980469,None,None,None,b'1',b'1',b'1',b'1',b'1',b'1'
0,None,None,None,85,b'A',IN,None,None,b'A',None,None,None,None,24535.568460647948,b'1',24535.576851851773,4.152,83.383,b'1',None,b'B',b'B',b'B',None,2,2017-03-05 13:38:34,39,81.9000015258789,82.33999633789062,24.49799919128418,24.49799919128418,34.999000549316406,34.99885940551758,None,None,None,b'1',b'1',b'1',b'1',b'1',b'1'
0,None,None,None,85,b'A',IN,None,None,b'A',None,None,None,None,24535.568460647948,b'1',24535.576851851773,4.152,83.383,b'1',None,b'B',b'B',b'B',None,2,2017-03-05 13:38:34,54,111.9000015258789,112.33999633789062,18.64900016784668,18.64900016784668,34.7760009765625,34.77584457397461,None,None,None,b'1',b'1',b'1',b'1',b'1',b'1'
0,None,None,None,85,b'A',IN,None,None,b'A',None,None,None,None,24535.568460647948,b'1',24535.576851851773,4.152,83.383,b'1',None,b'B',b'B',b'B',None,2,2017-03-05 13:38:34,38,79.9000015258789,80.33999633789062,24.663999557495117,24.663999557495117,34.9630012512207,34.962860107421875,None,None,None,b'1',b'1',b'1',b'1',b'1',b'1'
0,None,None,None,85,b'A',IN,None,None,b'A',None,None,None,None,24535.568460647948,b'1',24535.576851851773,4.152,83.383,b'1',None,b'B',b'B',b'B',None,2,2017-03-05 13:38:34,55,113.9000015258789,114.33999633789062,18.562999725341797,18.562999725341797,34.78300094604492,34.78284454345703,None,None,None,b'1',b'1',b'1',b'1',b'1',b'1'
0,None,None,None,85,b'A',IN,None,None,b'A',None,None,None,None,24535.568460647948,b'1',24535.576851851773,4.152,83.383,b'1',None,b'B',b'B',b'B',None,2,2017-03-05 13:38:34,57,117.9000015258789,118.33999633789062,17.750999450683594,17.750999450683594,34.81800079345703,34.817840576171875,None,None,None,b'1',b'1',b'1',b'1',b'1',b'1'
0,None,None,None,85,b'A',IN,None,None,b'A',None,None,None,None,24535.568460647948,b'1',24535.576851851773,4.152,83.383,b'1',None,b'B',b'B',b'B',None,2,2017-03-05 13:38:34,72,148.0,148.44000244140625,13.920999526977539,13.920999526977539,35.01599884033203,35.01581573486328,None,None,None,b'1',b'1',b'1',b'1',b'1',b'1'
0,None,None,None,85,b'A',IN,None,None,b'A',None,None,None,None,24535.568460647948,b'1',24535.576851851773,4.152,83.383,b'1',None,b'B',b'B',b'B',None,2,2017-03-05 13:38:34,71,146.0,146.44000244140625,14.027000427246094,14.027000427246094,35.0099983215332,35.00981903076172,None,None,None,b'1',b'1',b'1',b'1',b'1',b'1'
0,None,None,None,85,b'A',IN,None,None,b'A',None,None,None,None,24535.568460647948,b'1',24535.576851851773,4.152,83.383,b'1',None,b'B',b'B',b'B',None,2,2017-03-05 13:38:34,70,144.0,144.44000244140625,14.282999992370605,14.282999992370605,35.00199890136719,35.0018196105957,None,None,None,b'1',b'1',b'1',b'1',b'1',b'1'
0,None,None,None,85,b'A',IN,None,None,b'A',None,None,None,None,24535.568460647948,b'1',24535.576851851773,4.152,83.383,b'1',None,b'B',b'B',b'B',None,2,2017-03-05 13:38:34,69,142.0,142.44000244140625,14.435999870300293,14.435999870300293,34.99599838256836,34.995819091796875,None,None,None,b'1',b'1',b'1',b'1',b'1',b'1'
0,None,None,None,85,b'A',IN,None,None,b'A',None,None,None,None,24535.568460647948,b'1',24535.576851851773,4.152,83.383,b'1',None,b'B',b'B',b'B',None,2,2017-03-05 13:38:34,68,140.0,140.44000244140625,14.564000129699707,14.564000129699707,34.98099899291992,34.98081970214844,None,None,None,b'1',b'1',b'1',b'1',b'1',b'1'
0,None,None,None,85,b'A',IN,None,None,b'A',None,None,None,None,24535.568460647948,b'1',24535.576851851773,4.152,83.383,b'1',None,b'B',b'B',b'B',None,2,2017-03-05 13:38:34,67,138.0,138.44000244140625,14.729999542236328,14.729999542236328,34.96799850463867,34.96782302856445,None,None,None,b'1',b'1',b'1',b'1',b'1',b'1'
0,None,None,None,85,b'A',IN,None,None,b'A',None,None,None,None,24535.568460647948,b'1',24535.576851851773,4.152,83.383,b'1',None,b'B',b'B',b'B',None,2,2017-03-05 13:38:34,66,136.0,136.44000244140625,14.821999549865723,14.821999549865723,34.965999603271484,34.9658203125,None,None,None,b'1',b'1',b'1',b'1',b'1',b'1'
0,None,None,None,85,b'A',IN,None,None,b'A',None,None,None,None,24535.568460647948,b'1',24535.576851851773,4.152,83.383,b'1',None,b'B',b'B',b'B',None,2,2017-03-05 13:38:34,65,134.0,134.44000244140625,15.053999900817871,15.053999900817871,34.95600128173828,34.9558219909668,None,None,None,b'1',b'1',b'1',b'1',b'1',b'1'
0,None,None,None,85,b'A',IN,None,None,b'A',None,None,None,None,24535.568460647948,b'1',24535.576851851773,4.152,83.383,b'1',None,b'B',b'B',b'B',None,2,2017-03-05 13:38:34,64,132.0,132.44000244140625,15.26200008392334,15.26200008392334,34.957000732421875,34.956825256347656,None,None,None,b'1',b'1',b'1',b'1',b'1',b'1'
0,None,None,None,85,b'A',IN,None,None,b'A',None,None,None,None,24535.568460647948,b'1',24535.576851851773,4.152,83.383,b'1',None,b'B',b'B',b'B',None,2,2017-03-05 13:38:34,63,130.0,130.44000244140625,15.791000366210938,15.791000366210938,34.96699905395508,34.966827392578125,None,None,None,b'1',b'1',b'1',b'1',b'1',b'1'
0,None,None,None,85,b'A',IN,None,None,b'A',None,None,None,None,24535.568460647948,b'1',24535.576851851773,4.152,83.383,b'1',None,b'B',b'B',b'B',None,2,2017-03-05 13:38:34,62,128.0,128.44000244140625,15.944000244140625,15.944000244140625,34.97100067138672,34.9708251953125,None,None,None,b'1',b'1',b'1',b'1',b'1',b'1'
0,None,None,None,85,b'A',IN,None,None,b'A',None,None,None,None,24535.568460647948,b'1',24535.576851851773,4.152,83.383,b'1',None,b'B',b'B',b'B',None,2,2017-03-05 13:38:34,61,126.0,126.44000244140625,16.218000411987305,16.218000411987305,34.957000732421875,34.95682907104492,None,None,None,b'1',b'1',b'1',b'1',b'1',b'1'
0,None,None,None,85,b'A',IN,None,None,b'A',None,None,None,None,24535.568460647948,b'1',24535.576851851773,4.152,83.383,b'1',None,b'B',b'B',b'B',None,2,2017-03-05 13:38:34,60,123.9000015258789,124.33999633789062,16.573999404907227,16.573999404907227,34.94900131225586,34.948829650878906,None,None,None,b'1',b'1',b'1',b'1',b'1',b'1'
0,None,None,None,85,b'A',IN,None,None,b'A',None,None,None,None,24535.568460647948,b'1',24535.576851851773,4.152,83.383,b'1',None,b'B',b'B',b'B',None,2,2017-03-05 13:38:34,59,122.0,122.44000244140625,16.68600082397461,16.68600082397461,34.9379997253418,34.93783187866211,None,None,None,b'1',b'1',b'1',b'1',b'1',b'1'
0,None,None,None,85,b'A',IN,None,None,b'A',None,None,None,None,24535.568460647948,b'1',24535.576851851773,4.152,83.383,b'1',None,b'B',b'B',b'B',None,2,2017-03-05 13:38:34,58,119.69999694824219,120.13999938964844,17.268999099731445,17.268999099731445,34.84700012207031,34.84683609008789,None,None,None,b'1',b'1',b'1',b'1',b'1',b'1'
0,None,None,None,85,b'A',IN,None,None,b'A',None,None,None,None,24535.568460647948,b'1',24535.576851851773,4.152,83.383,b'1',None,b'B',b'B',b'B',None,2,2017-03-05 13:38:34,56,116.30000305175781,116.73999786376953,17.976999282836914,17.976999282836914,34.81399917602539,34.813838958740234,None,None,None,b'1',b'1',b'1',b'1',b'1',b'1'
0,None,None,None,85,b'A',IN,None,None,b'A',None,None,None,None,24535.568460647948,b'1',24535.576851851773,4.152,83.383,b'1',None,b'B',b'B',b'B',None,2,2017-03-05 13:38:34,73,150.0,150.44000244140625,13.8149995803833,13.8149995803833,35.01900100708008,35.01881790161133,None,None,None,b'1',b'1',b'1',b'1',b'1',b'1'
0,None,None,None,85,b'A',IN,None,None,b'A',None,None,None,None,24535.568460647948,b'1',24535.576851851773,4.152,83.383,b'1',None,b'B',b'B',b'B',None,2,2017-03-05 13:38:34,37,78.0999984741211,78.54000091552734,25.639999389648438,25.639999389648438,35.1609992980957,35.160865783691406,None,None,None,b'1',b'1',b'1',b'1',b'1',b'1'
0,None,None,None,85,b'A',IN,None,None,b'A',None,None,None,None,24535.568460647948,b'1',24535.576851851773,4.152,83.383,b'1',None,b'B',b'B',b'B',None,2,2017-03-05 13:38:34,35,74.0999984741211,74.54000091552734,26.579999923706055,26.579999923706055,35.20800018310547,35.20787048339844,None,None,None,b'1',b'1',b'1',b'1',b'1',b'1'
0,None,None,None,85,b'A',IN,None,None,b'A',None,None,None,None,24535.568460647948,b'1',24535.576851851773,4.152,83.383,b'1',None,b'B',b'B',b'B',None,2,2017-03-05 13:38:34,15,34.0,34.439998626708984,28.70599937438965,28.70599937438965,34.41600036621094,34.41592025756836,None,None,None,b'1',b'1',b'1',b'1',b'1',b'1'
0,None,None,None,85,b'A',IN,None,None,b'A',None,None,None,None,24535.568460647948,b'1',24535.576851851773,4.152,83.383,b'1',None,b'B',b'B',b'B',None,2,2017-03-05 13:38:34,14,32.0,32.439998626708984,28.70599937438965,28.70599937438965,34.39899826049805,34.398921966552734,None,None,None,b'1',b'1',b'1',b'1',b'1',b'1'
0,None,None,None,85,b'A',IN,None,None,b'A',None,None,None,None,24535.568460647948,b'1',24535.576851851773,4.152,83.383,b'1',None,b'B',b'B',b'B',None,2,2017-03-05 13:38:34,13,30.0,30.440000534057617,28.7189998626709,28.7189998626709,34.375,34.37492752075195,None,None,None,b'1',b'1',b'1',b'1',b'1',b'1'
0,None,None,None,85,b'A',IN,None,None,b'A',None,None,None,None,24535.568460647948,b'1',24535.576851851773,4.152,83.383,b'1',None,b'B',b'B',b'B',None,2,2017-03-05 13:38:34,12,28.0,28.440000534057617,28.732999801635742,28.732999801635742,34.34700012207031,34.34693145751953,None,None,None,b'1',b'1',b'1',b'1',b'1',b'1'
0,None,None,None,85,b'A',IN,None,None,b'A',None,None,None,None,24535.568460647948,b'1',24535.576851851773,4.152,83.383,b'1',None,b'B',b'B',b'B',None,2,2017-03-05 13:38:34,11,26.100000381469727,26.540000915527344,28.742000579833984,28.742000579833984,34.32899856567383,34.32893753051758,None,None,None,b'1',b'1',b'1',b'1',b'1',b'1'
0,None,None,None,85,b'A',IN,None,None,b'A',None,None,None,None,24535.568460647948,b'1',24535.576851851773,4.152,83.383,b'1',None,b'B',b'B',b'B',None,2,2017-03-05 13:38:34,10,24.0,24.440000534057617,28.775999069213867,28.775999069213867,34.31800079345703,34.31793975830078,None,None,None,b'1',b'1',b'1',b'1',b'1',b'1'
0,None,None,None,85,b'A',IN,None,None,b'A',None,None,None,None,24535.568460647948,b'1',24535.576851851773,4.152,83.383,b'1',None,b'B',b'B',b'B',None,2,2017-03-05 13:38:34,9,22.0,22.440000534057617,28.770999908447266,28.770999908447266,34.29899978637695,34.29894256591797,None,None,None,b'1',b'1',b'1',b'1',b'1',b'1'
0,None,None,None,85,b'A',IN,None,None,b'A',None,None,None,None,24535.568460647948,b'1',24535.576851851773,4.152,83.383,b'1',None,b'B',b'B',b'B',None,2,2017-03-05 13:38:34,8,20.0,20.440000534057617,28.79400062561035,28.79400062561035,34.28900146484375,34.288944244384766,None,None,None,b'1',b'1',b'1',b'1',b'1',b'1'
0,None,None,None,85,b'A',IN,None,None,b'A',None,None,None,None,24535.568460647948,b'1',24535.576851851773,4.152,83.383,b'1',None,b'B',b'B',b'B',None,2,2017-03-05 13:38:34,7,18.0,18.440000534057617,28.857999801635742,28.857999801635742,34.29600143432617,34.29594421386719,None,None,None,b'1',b'1',b'1',b'1',b'1',b'1'
0,None,None,None,85,b'A',IN,None,None,b'A',None,None,None,None,24535.568460647948,b'1',24535.576851851773,4.152,83.383,b'1',None,b'B',b'B',b'B',None,2,2017-03-05 13:38:34,6,16.0,16.440000534057617,28.947999954223633,28.947999954223633,34.308998107910156,34.30894088745117,None,None,None,b'1',b'1',b'1',b'1',b'1',b'1'
0,None,None,None,85,b'A',IN,None,None,b'A',None,None,None,None,24535.568460647948,b'1',24535.576851851773,4.152,83.383,b'1',None,b'B',b'B',b'B',None,2,2017-03-05 13:38:34,5,14.0,14.4399995803833,29.009000778198242,29.009000778198242,34.32099914550781,34.32093811035156,None,None,None,b'1',b'1',b'1',b'1',b'1',b'1'
0,None,None,None,85,b'A',IN,None,None,b'A',None,None,None,None,24535.568460647948,b'1',24535.576851851773,4.152,83.383,b'1',None,b'B',b'B',b'B',None,2,2017-03-05 13:38:34,4,12.0,12.4399995803833,29.04199981689453,29.04199981689453,34.33300018310547,34.33293533325195,None,None,None,b'1',b'1',b'1',b'1',b'1',b'1'
0,None,None,None,85,b'A',IN,None,None,b'A',None,None,None,None,24535.568460647948,b'1',24535.576851851773,4.152,83.383,b'1',None,b'B',b'B',b'B',None,2,2017-03-05 13:38:34,3,10.0,10.4399995803833,29.070999145507812,29.070999145507812,34.34199905395508,34.34193420410156,None,None,None,b'1',b'1',b'1',b'1',b'1',b'1'
0,None,None,None,85,b'A',IN,None,None,b'A',None,None,None,None,24535.568460647948,b'1',24535.576851851773,4.152,83.383,b'1',None,b'B',b'B',b'B',None,2,2017-03-05 13:38:34,2,8.0,8.4399995803833,29.11199951171875,29.11199951171875,34.34700012207031,34.3469352722168,None,None,None,b'1',b'1',b'1',b'1',b'1',b'1'
0,None,None,None,85,b'A',IN,None,None,b'A',None,None,None,None,24535.568460647948,b'1',24535.576851851773,4.152,83.383,b'1',None,b'B',b'B',b'B',None,2,2017-03-05 13:38:34,1,6.0,6.440000057220459,29.17099952697754,29.17099952697754,34.356998443603516,34.35693359375,None,None,None,b'1',b'1',b'1',b'1',b'1',b'1'
0,None,None,None,85,b'A',IN,None,None,b'A',None,None,None,None,24535.568460647948,b'1',24535.576851851773,4.152,83.383,b'1',None,b'B',b'B',b'B',None,2,2017-03-05 13:38:34,16,36.0,36.439998626708984,28.708999633789062,28.708999633789062,34.435001373291016,34.43491744995117,None,None,None,b'1',b'1',b'1',b'1',b'1',b'1'
0,None,None,None,85,b'A',IN,None,None,b'A',None,None,None,None,24535.568460647948,b'1',24535.576851851773,4.152,83.383,b'1',None,b'B',b'B',b'B',None,2,2017-03-05 13:38:34,36,75.9000015258789,76.33999633789062,26.309999465942383,26.309999465942383,35.24700164794922,35.24687194824219,None,None,None,b'1',b'1',b'1',b'1',b'1',b'1'
0,None,None,None,85,b'A',IN,None,None,b'A',None,None,None,None,24535.568460647948,b'1',24535.576851851773,4.152,83.383,b'1',None,b'B',b'B',b'B',None,2,2017-03-05 13:38:34,17,38.099998474121094,38.540000915527344,28.73900032043457,28.73900032043457,34.49599838256836,34.49591064453125,None,None,None,b'1',b'1',b'1',b'1',b'1',b'1'
0,None,None,None,85,b'A',IN,None,None,b'A',None,None,None,None,24535.568460647948,b'1',24535.576851851773,4.152,83.383,b'1',None,b'B',b'B',b'B',None,2,2017-03-05 13:38:34,19,42.0,42.439998626708984,28.77199935913086,28.77199935913086,34.6150016784668,34.61489486694336,None,None,None,b'1',b'1',b'1',b'1',b'1',b'1'
0,None,None,None,85,b'A',IN,None,None,b'A',None,None,None,None,24535.568460647948,b'1',24535.576851851773,4.152,83.383,b'1',None,b'B',b'B',b'B',None,2,2017-03-05 13:38:34,34,72.0999984741211,72.54000091552734,27.209999084472656,27.209999084472656,35.15800094604492,35.15787124633789,None,None,None,b'1',b'1',b'1',b'1',b'1',b'1'
0,None,None,None,85,b'A',IN,None,None,b'A',None,None,None,None,24535.568460647948,b'1',24535.576851851773,4.152,83.383,b'1',None,b'B',b'B',b'B',None,2,2017-03-05 13:38:34,33,69.9000015258789,70.33999633789062,27.659000396728516,27.659000396728516,35.20600128173828,35.205875396728516,None,None,None,b'1',b'1',b'1',b'1',b'1',b'1'
0,None,None,None,85,b'A',IN,None,None,b'A',None,None,None,None,24535.568460647948,b'1',24535.576851851773,4.152,83.383,b'1',None,b'B',b'B',b'B',None,2,2017-03-05 13:38:34,32,68.0,68.44000244140625,27.85099983215332,27.85099983215332,35.222999572753906,35.22287368774414,None,None,None,b'1',b'1',b'1',b'1',b'1',b'1'
0,None,None,None,85,b'A',IN,None,None,b'A',None,None,None,None,24535.568460647948,b'1',24535.576851851773,4.152,83.383,b'1',None,b'B',b'B',b'B',None,2,2017-03-05 13:38:34,31,66.0999984741211,66.54000091552734,27.964000701904297,27.964000701904297,35.21900177001953,35.218875885009766,None,None,None,b'1',b'1',b'1',b'1',b'1',b'1'
0,None,None,None,85,b'A',IN,None,None,b'A',None,None,None,None,24535.568460647948,b'1',24535.576851851773,4.152,83.383,b'1',None,b'B',b'B',b'B',None,2,2017-03-05 13:38:34,30,64.0,64.44000244140625,28.18400001525879,28.18400001525879,35.18299865722656,35.1828727722168,None,None,None,b'1',b'1',b'1',b'1',b'1',b'1'
0,None,None,None,85,b'A',IN,None,None,b'A',None,None,None,None,24535.568460647948,b'1',24535.576851851773,4.152,83.383,b'1',None,b'B',b'B',b'B',None,2,2017-03-05 13:38:34,29,62.0,62.439998626708984,28.1560001373291,28.1560001373291,35.07400131225586,35.07387161254883,None,None,None,b'1',b'1',b'1',b'1',b'1',b'1'
0,None,None,None,85,b'A',IN,None,None,b'A',None,None,None,None,24535.568460647948,b'1',24535.576851851773,4.152,83.383,b'1',None,b'B',b'B',b'B',None,2,2017-03-05 13:38:34,28,60.0,60.439998626708984,28.187999725341797,28.187999725341797,35.05799865722656,35.05786895751953,None,None,None,b'1',b'1',b'1',b'1',b'1',b'1'
0,None,None,None,85,b'A',IN,None,None,b'A',None,None,None,None,24535.568460647948,b'1',24535.576851851773,4.152,83.383,b'1',None,b'B',b'B',b'B',None,2,2017-03-05 13:38:34,27,58.0,58.439998626708984,28.451000213623047,28.451000213623047,35.09299850463867,35.092872619628906,None,None,None,b'1',b'1',b'1',b'1',b'1',b'1'
0,None,None,None,85,b'A',IN,None,None,b'A',None,None,None,None,24535.568460647948,b'1',24535.576851851773,4.152,83.383,b'1',None,b'B',b'B',b'B',None,2,2017-03-05 13:38:34,26,55.900001525878906,56.34000015258789,28.843000411987305,28.843000411987305,35.138999938964844,35.13887405395508,None,None,None,b'1',b'1',b'1',b'1',b'1',b'1'
0,None,None,None,85,b'A',IN,None,None,b'A',None,None,None,None,24535.568460647948,b'1',24535.576851851773,4.152,83.383,b'1',None,b'B',b'B',b'B',None,2,2017-03-05 13:38:34,25,54.0,54.439998626708984,28.996000289916992,28.996000289916992,35.13100051879883,35.13087463378906,None,None,None,b'1',b'1',b'1',b'1',b'1',b'1'
0,None,None,None,85,b'A',IN,None,None,b'A',None,None,None,None,24535.568460647948,b'1',24535.576851851773,4.152,83.383,b'1',None,b'B',b'B',b'B',None,2,2017-03-05 13:38:34,24,52.0,52.439998626708984,29.06800079345703,29.06800079345703,35.1150016784668,35.11487579345703,None,None,None,b'1',b'1',b'1',b'1',b'1',b'1'
0,None,None,None,85,b'A',IN,None,None,b'A',None,None,None,None,24535.568460647948,b'1',24535.576851851773,4.152,83.383,b'1',None,b'B',b'B',b'B',None,2,2017-03-05 13:38:34,23,49.900001525878906,50.34000015258789,28.981000900268555,28.981000900268555,35.00600051879883,35.0058708190918,None,None,None,b'1',b'1',b'1',b'1',b'1',b'1'
0,None,None,None,85,b'A',IN,None,None,b'A',None,None,None,None,24535.568460647948,b'1',24535.576851851773,4.152,83.383,b'1',None,b'B',b'B',b'B',None,2,2017-03-05 13:38:34,22,48.099998474121094,48.540000915527344,28.836000442504883,28.836000442504883,34.849998474121094,34.849876403808594,None,None,None,b'1',b'1',b'1',b'1',b'1',b'1'
0,None,None,None,85,b'A',IN,None,None,b'A',None,None,None,None,24535.568460647948,b'1',24535.576851851773,4.152,83.383,b'1',None,b'B',b'B',b'B',None,2,2017-03-05 13:38:34,21,46.0,46.439998626708984,28.798999786376953,28.798999786376953,34.770999908447266,34.77088165283203,None,None,None,b'1',b'1',b'1',b'1',b'1',b'1'
0,None,None,None,85,b'A',IN,None,None,b'A',None,None,None,None,24535.568460647948,b'1',24535.576851851773,4.152,83.383,b'1',None,b'B',b'B',b'B',None,2,2017-03-05 13:38:34,20,44.0,44.439998626708984,28.788000106811523,28.788000106811523,34.698001861572266,34.6978874206543,None,None,None,b'1',b'1',b'1',b'1',b'1',b'1'
0,None,None,None,85,b'A',IN,None,None,b'A',None,None,None,None,24535.568460647948,b'1',24535.576851851773,4.152,83.383,b'1',None,b'B',b'B',b'B',None,2,2017-03-05 13:38:34,18,40.0,40.439998626708984,28.768999099731445,28.768999099731445,34.57099914550781,34.570899963378906,None,None,None,b'1',b'1',b'1',b'1',b'1',b'1'
0,None,None,None,85,b'A',IN,None,None,b'A',None,None,None,None,24535.568460647948,b'1',24535.576851851773,4.152,83.383,b'1',None,b'B',b'B',b'B',None,2,2017-03-05 13:38:34,74,152.0,152.44000244140625,13.666000366210938,13.666000366210938,35.025001525878906,35.02481460571289,None,None,None,b'1',b'1',b'1',b'1',b'1',b'1'
0,None,None,None,85,b'A',IN,None,None,b'A',None,None,None,None,24535.568460647948,b'1',24535.576851851773,4.152,83.383,b'1',None,b'B',b'B',b'B',None,2,2017-03-05 13:38:34,75,154.0,154.44000244140625,13.60200023651123,13.60200023651123,35.02899932861328,35.02881622314453,None,None,None,b'1',b'1',b'1',b'1',b'1',b'1'
0,None,None,None,85,b'A',IN,None,None,b'A',None,None,None,None,24535.568460647948,b'1',24535.576851851773,4.152,83.383,b'1',None,b'B',b'B',b'B',None,2,2017-03-05 13:38:34,76,156.0,156.44000244140625,13.531999588012695,13.531999588012695,35.03499984741211,35.03481674194336,None,None,None,b'1',b'1',b'1',b'1',b'1',b'1'
0,None,None,None,85,b'A',IN,None,None,b'A',None,None,None,None,24535.568460647948,b'1',24535.576851851773,4.152,83.383,b'1',None,b'B',b'B',b'B',None,2,2017-03-05 13:38:34,130,264.0,264.44000244140625,11.706999778747559,11.706999778747559,35.08599853515625,35.08580780029297,None,None,None,b'1',b'1',b'1',b'1',b'1',b'1'
0,None,None,None,85,b'A',IN,None,None,b'A',None,None,None,None,24535.568460647948,b'1',24535.576851851773,4.152,83.383,b'1',None,b'B',b'B',b'B',None,2,2017-03-05 13:38:34,129,262.0,262.44000244140625,11.710000038146973,11.710000038146973,35.08599853515625,35.08580780029297,None,None,None,b'1',b'1',b'1',b'1',b'1',b'1'
0,None,None,None,85,b'A',IN,None,None,b'A',None,None,None,None,24535.568460647948,b'1',24535.576851851773,4.152,83.383,b'1',None,b'B',b'B',b'B',None,2,2017-03-05 13:38:34,128,260.0,260.44000244140625,11.71399974822998,11.71399974822998,35.08599853515625,35.08580780029297,None,None,None,b'1',b'1',b'1',b'1',b'1',b'1'
0,None,None,None,85,b'A',IN,None,None,b'A',None,None,None,None,24535.568460647948,b'1',24535.576851851773,4.152,83.383,b'1',None,b'B',b'B',b'B',None,2,2017-03-05 13:38:34,127,258.0,258.44000244140625,11.727999687194824,11.727999687194824,35.084999084472656,35.084808349609375,None,None,None,b'1',b'1',b'1',b'1',b'1',b'1'
0,None,None,None,85,b'A',IN,None,None,b'A',None,None,None,None,24535.568460647948,b'1',24535.576851851773,4.152,83.383,b'1',None,b'B',b'B',b'B',None,2,2017-03-05 13:38:34,126,256.0,256.44000244140625,11.737000465393066,11.737000465393066,35.084999084472656,35.084808349609375,None,None,None,b'1',b'1',b'1',b'1',b'1',b'1'
0,None,None,None,85,b'A',IN,None,None,b'A',None,None,None,None,24535.568460647948,b'1',24535.576851851773,4.152,83.383,b'1',None,b'B',b'B',b'B',None,2,2017-03-05 13:38:34,125,254.0,254.44000244140625,11.755000114440918,11.755000114440918,35.08599853515625,35.08580780029297,None,None,None,b'1',b'1',b'1',b'1',b'1',b'1'
0,None,None,None,85,b'A',IN,None,None,b'A',None,None,None,None,24535.568460647948,b'1',24535.576851851773,4.152,83.383,b'1',None,b'B',b'B',b'B',None,2,2017-03-05 13:38:34,124,252.0,252.44000244140625,11.76200008392334,11.76200008392334,35.08599853515625,35.08580780029297,None,None,None,b'1',b'1',b'1',b'1',b'1',b'1'
0,None,None,None,85,b'A',IN,None,None,b'A',None,None,None,None,24535.568460647948,b'1',24535.576851851773,4.152,83.383,b'1',None,b'B',b'B',b'B',None,2,2017-03-05 13:38:34,123,250.0,250.44000244140625,11.777999877929688,11.777999877929688,35.08700180053711,35.08680725097656,None,None,None,b'1',b'1',b'1',b'1',b'1',b'1'
0,None,None,None,85,b'A',IN,None,None,b'A',None,None,None,None,24535.568460647948,b'1',24535.576851851773,4.152,83.383,b'1',None,b'B',b'B',b'B',None,2,2017-03-05 13:38:34,122,248.0,248.44000244140625,11.805999755859375,11.805999755859375,35.0890007019043,35.088809967041016,None,None,None,b'1',b'1',b'1',b'1',b'1',b'1'
0,None,None,None,85,b'A',IN,None,None,b'A',None,None,None,None,24535.568460647948,b'1',24535.576851851773,4.152,83.383,b'1',None,b'B',b'B',b'B',None,2,2017-03-05 13:38:34,121,246.0,246.44000244140625,11.857000350952148,11.857000350952148,35.08700180053711,35.08681106567383,None,None,None,b'1',b'1',b'1',b'1',b'1',b'1'
0,None,None,None,85,b'A',IN,None,None,b'A',None,None,None,None,24535.568460647948,b'1',24535.576851851773,4.152,83.383,b'1',None,b'B',b'B',b'B',None,2,2017-03-05 13:38:34,120,244.0,244.44000244140625,11.885000228881836,11.885000228881836,35.08399963378906,35.08380889892578,None,None,None,b'1',b'1',b'1',b'1',b'1',b'1'
0,None,None,None,85,b'A',IN,None,None,b'A',None,None,None,None,24535.568460647948,b'1',24535.576851851773,4.152,83.383,b'1',None,b'B',b'B',b'B',None,2,2017-03-05 13:38:34,119,242.0,242.44000244140625,11.902000427246094,11.902000427246094,35.08399963378906,35.08380889892578,None,None,None,b'1',b'1',b'1',b'1',b'1',b'1'
0,None,None,None,85,b'A',IN,None,None,b'A',None,None,None,None,24535.568460647948,b'1',24535.576851851773,4.152,83.383,b'1',None,b'B',b'B',b'B',None,2,2017-03-05 13:38:34,118,240.0,240.44000244140625,11.954999923706055,11.954999923706055,35.08599853515625,35.08580780029297,None,None,None,b'1',b'1',b'1',b'1',b'1',b'1'
0,None,None,None,85,b'A',IN,None,None,b'A',None,None,None,None,24535.568460647948,b'1',24535.576851851773,4.152,83.383,b'1',None,b'B',b'B',b'B',None,2,2017-03-05 13:38:34,117,238.0,238.44000244140625,12.001999855041504,12.001999855041504,35.08700180053711,35.08681106567383,None,None,None,b'1',b'1',b'1',b'1',b'1',b'1'
0,None,None,None,85,b'A',IN,None,None,b'A',None,None,None,None,24535.568460647948,b'1',24535.576851851773,4.152,83.383,b'1',None,b'B',b'B',b'B',None,2,2017-03-05 13:38:34,116,236.0,236.44000244140625,12.03600025177002,12.03600025177002,35.08599853515625,35.085811614990234,None,None,None,b'1',b'1',b'1',b'1',b'1',b'1'
0,None,None,None,85,b'A',IN,None,None,b'A',None,None,None,None,24535.568460647948,b'1',24535.576851851773,4.152,83.383,b'1',None,b'B',b'B',b'B',None,2,2017-03-05 13:38:34,131,266.0,266.44000244140625,11.692000389099121,11.692000389099121,35.08599853515625,35.08580780029297,None,None,None,b'1',b'1',b'1',b'1',b'1',b'1'
0,None,None,None,85,b'A',IN,None,None,b'A',None,None,None,None,24535.568460647948,b'1',24535.576851851773,4.152,83.383,b'1',None,b'B',b'B',b'B',None,2,2017-03-05 13:38:34,115,234.0,234.44000244140625,12.107999801635742,12.107999801635742,35.09000015258789,35.08980941772461,None,None,None,b'1',b'1',b'1',b'1',b'1',b'1'
0,None,None,None,85,b'A',IN,None,None,b'A',None,None,None,None,24535.568460647948,b'1',24535.576851851773,4.152,83.383,b'1',None,b'B',b'B',b'B',None,2,2017-03-05 13:38:34,132,268.0,268.44000244140625,11.656999588012695,11.656999588012695,35.084999084472656,35.084808349609375,None,None,None,b'1',b'1',b'1',b'1',b'1',b'1'
0,None,None,None,85,b'A',IN,None,None,b'A',None,None,None,None,24535.568460647948,b'1',24535.576851851773,4.152,83.383,b'1',None,b'B',b'B',b'B',None,2,2017-03-05 13:38:34,134,272.0,272.44000244140625,11.625,11.625,35.08399963378906,35.08380889892578,None,None,None,b'1',b'1',b'1',b'1',b'1',b'1'
0,None,None,None,85,b'A',IN,None,None,b'A',None,None,None,None,24535.568460647948,b'1',24535.576851851773,4.152,83.383,b'1',None,b'B',b'B',b'B',None,2,2017-03-05 13:38:34,149,302.0,302.44000244140625,11.180999755859375,11.180999755859375,35.0629997253418,35.06280517578125,None,None,None,b'1',b'1',b'1',b'1',b'1',b'1'
0,None,None,None,85,b'A',IN,None,None,b'A',None,None,None,None,24535.568460647948,b'1',24535.576851851773,4.152,83.383,b'1',None,b'B',b'B',b'B',None,2,2017-03-05 13:38:34,148,300.0,300.44000244140625,11.1899995803833,11.1899995803833,35.0629997253418,35.06280517578125,None,None,None,b'1',b'1',b'1',b'1',b'1',b'1'
0,None,None,None,85,b'A',IN,None,None,b'A',None,None,None,None,24535.568460647948,b'1',24535.576851851773,4.152,83.383,b'1',None,b'B',b'B',b'B',None,2,2017-03-05 13:38:34,147,298.0,298.44000244140625,11.230999946594238,11.230999946594238,35.06700134277344,35.06680679321289,None,None,None,b'1',b'1',b'1',b'1',b'1',b'1'
0,None,None,None,85,b'A',IN,None,None,b'A',None,None,None,None,24535.568460647948,b'1',24535.576851851773,4.152,83.383,b'1',None,b'B',b'B',b'B',None,2,2017-03-05 13:38:34,146,296.0,296.44000244140625,11.345000267028809,11.345000267028809,35.08000183105469,35.07980728149414,None,None,None,b'1',b'1',b'1',b'1',b'1',b'1'
0,None,None,None,85,b'A',IN,None,None,b'A',None,None,None,None,24535.568460647948,b'1',24535.576851851773,4.152,83.383,b'1',None,b'B',b'B',b'B',None,2,2017-03-05 13:38:34,145,294.0,294.44000244140625,11.402999877929688,11.402999877929688,35.08399963378906,35.08380889892578,None,None,None,b'1',b'1',b'1',b'1',b'1',b'1'
0,None,None,None,85,b'A',IN,None,None,b'A',None,None,None,None,24535.568460647948,b'1',24535.576851851773,4.152,83.383,b'1',None,b'B',b'B',b'B',None,2,2017-03-05 13:38:34,144,292.0,292.44000244140625,11.437000274658203,11.437000274658203,35.084999084472656,35.084808349609375,None,None,None,b'1',b'1',b'1',b'1',b'1',b'1'
0,None,None,None,85,b'A',IN,None,None,b'A',None,None,None,None,24535.568460647948,b'1',24535.576851851773,4.152,83.383,b'1',None,b'B',b'B',b'B',None,2,2017-03-05 13:38:34,143,290.0,290.44000244140625,11.454999923706055,11.454999923706055,35.08599853515625,35.08580780029297,None,None,None,b'1',b'1',b'1',b'1',b'1',b'1'
0,None,None,None,85,b'A',IN,None,None,b'A',None,None,None,None,24535.568460647948,b'1',24535.576851851773,4.152,83.383,b'1',None,b'B',b'B',b'B',None,2,2017-03-05 13:38:34,142,288.0,288.44000244140625,11.475000381469727,11.475000381469727,35.084999084472656,35.084808349609375,None,None,None,b'1',b'1',b'1',b'1',b'1',b'1'
0,None,None,None,85,b'A',IN,None,None,b'A',None,None,None,None,24535.568460647948,b'1',24535.576851851773,4.152,83.383,b'1',None,b'B',b'B',b'B',None,2,2017-03-05 13:38:34,141,286.0,286.44000244140625,11.496000289916992,11.496000289916992,35.084999084472656,35.084808349609375,None,None,None,b'1',b'1',b'1',b'1',b'1',b'1'
0,None,None,None,85,b'A',IN,None,None,b'A',None,None,None,None,24535.568460647948,b'1',24535.576851851773,4.152,83.383,b'1',None,b'B',b'B',b'B',None,2,2017-03-05 13:38:34,140,284.0,284.44000244140625,11.527000427246094,11.527000427246094,35.084999084472656,35.084808349609375,None,None,None,b'1',b'1',b'1',b'1',b'1',b'1'
0,None,None,None,85,b'A',IN,None,None,b'A',None,None,None,None,24535.568460647948,b'1',24535.576851851773,4.152,83.383,b'1',None,b'B',b'B',b'B',None,2,2017-03-05 13:38:34,139,281.8999938964844,282.3399963378906,11.53600025177002,11.53600025177002,35.08399963378906,35.08380889892578,None,None,None,b'1',b'1',b'1',b'1',b'1',b'1'
0,None,None,None,85,b'A',IN,None,None,b'A',None,None,None,None,24535.568460647948,b'1',24535.576851851773,4.152,83.383,b'1',None,b'B',b'B',b'B',None,2,2017-03-05 13:38:34,138,280.0,280.44000244140625,11.543000221252441,11.543000221252441,35.08399963378906,35.08380889892578,None,None,None,b'1',b'1',b'1',b'1',b'1',b'1'
0,None,None,None,85,b'A',IN,None,None,b'A',None,None,None,None,24535.568460647948,b'1',24535.576851851773,4.152,83.383,b'1',None,b'B',b'B',b'B',None,2,2017-03-05 13:38:34,137,278.0,278.44000244140625,11.559000015258789,11.559000015258789,35.08399963378906,35.08380889892578,None,None,None,b'1',b'1',b'1',b'1',b'1',b'1'
0,None,None,None,85,b'A',IN,None,None,b'A',None,None,None,None,24535.568460647948,b'1',24535.576851851773,4.152,83.383,b'1',None,b'B',b'B',b'B',None,2,2017-03-05 13:38:34,136,276.0,276.44000244140625,11.586000442504883,11.586000442504883,35.082000732421875,35.081809997558594,None,None,None,b'1',b'1',b'1',b'1',b'1',b'1'
0,None,None,None,85,b'A',IN,None,None,b'A',None,None,None,None,24535.568460647948,b'1',24535.576851851773,4.152,83.383,b'1',None,b'B',b'B',b'B',None,2,2017-03-05 13:38:34,135,274.0,274.44000244140625,11.61299991607666,11.61299991607666,35.082000732421875,35.081809997558594,None,None,None,b'1',b'1',b'1',b'1',b'1',b'1'
0,None,None,None,85,b'A',IN,None,None,b'A',None,None,None,None,24535.568460647948,b'1',24535.576851851773,4.152,83.383,b'1',None,b'B',b'B',b'B',None,2,2017-03-05 13:38:34,133,270.0,270.44000244140625,11.63599967956543,11.63599967956543,35.08399963378906,35.08380889892578,None,None,None,b'1',b'1',b'1',b'1',b'1',b'1'
0,None,None,None,85,b'A',IN,None,None,b'A',None,None,None,None,24535.568460647948,b'1',24535.576851851773,4.152,83.383,b'1',None,b'B',b'B',b'B',None,2,2017-03-05 13:38:34,114,232.0,232.44000244140625,12.208000183105469,12.208000183105469,35.090999603271484,35.09081268310547,None,None,None,b'1',b'1',b'1',b'1',b'1',b'1'
0,None,None,None,85,b'A',IN,None,None,b'A',None,None,None,None,24535.568460647948,b'1',24535.576851851773,4.152,83.383,b'1',None,b'B',b'B',b'B',None,2,2017-03-05 13:38:34,113,230.0,230.44000244140625,12.229999542236328,12.229999542236328,35.09000015258789,35.08980941772461,None,None,None,b'1',b'1',b'1',b'1',b'1',b'1'
0,None,None,None,85,b'A',IN,None,None,b'A',None,None,None,None,24535.568460647948,b'1',24535.576851851773,4.152,83.383,b'1',None,b'B',b'B',b'B',None,2,2017-03-05 13:38:34,112,228.0,228.44000244140625,12.241000175476074,12.241000175476074,35.09000015258789,35.08980941772461,None,None,None,b'1',b'1',b'1',b'1',b'1',b'1'
0,None,None,None,85,b'A',IN,None,None,b'A',None,None,None,None,24535.568460647948,b'1',24535.576851851773,4.152,83.383,b'1',None,b'B',b'B',b'B',None,2,2017-03-05 13:38:34,91,186.0,186.44000244140625,12.71399974822998,12.71399974822998,35.0880012512207,35.08781433105469,None,None,None,b'1',b'1',b'1',b'1',b'1',b'1'
0,None,None,None,85,b'A',IN,None,None,b'A',None,None,None,None,24535.568460647948,b'1',24535.576851851773,4.152,83.383,b'1',None,b'B',b'B',b'B',None,2,2017-03-05 13:38:34,90,184.0,184.44000244140625,12.708000183105469,12.708000183105469,35.0629997253418,35.06281280517578,None,None,None,b'1',b'1',b'1',b'1',b'1',b'1'
0,None,None,None,85,b'A',IN,None,None,b'A',None,None,None,None,24535.568460647948,b'1',24535.576851851773,4.152,83.383,b'1',None,b'B',b'B',b'B',None,2,2017-03-05 13:38:34,89,182.0,182.44000244140625,12.831999778747559,12.831999778747559,35.0629997253418,35.06281280517578,None,None,None,b'1',b'1',b'1',b'1',b'1',b'1'
0,None,None,None,85,b'A',IN,None,None,b'A',None,None,None,None,24535.568460647948,b'1',24535.576851851773,4.152,83.383,b'1',None,b'B',b'B',b'B',None,2,2017-03-05 13:38:34,88,179.89999389648438,180.33999633789062,12.946000099182129,12.946000099182129,35.064998626708984,35.06481170654297,None,None,None,b'1',b'1',b'1',b'1',b'1',b'1'
0,None,None,None,85,b'A',IN,None,None,b'A',None,None,None,None,24535.568460647948,b'1',24535.576851851773,4.152,83.383,b'1',None,b'B',b'B',b'B',None,2,2017-03-05 13:38:34,87,178.0,178.44000244140625,12.956999778747559,12.956999778747559,35.064998626708984,35.06481170654297,None,None,None,b'1',b'1',b'1',b'1',b'1',b'1'
0,None,None,None,85,b'A',IN,None,None,b'A',None,None,None,None,24535.568460647948,b'1',24535.576851851773,4.152,83.383,b'1',None,b'B',b'B',b'B',None,2,2017-03-05 13:38:34,86,176.0,176.44000244140625,13.0600004196167,13.0600004196167,35.06700134277344,35.06681442260742,None,None,None,b'1',b'1',b'1',b'1',b'1',b'1'
0,None,None,None,85,b'A',IN,None,None,b'A',None,None,None,None,24535.568460647948,b'1',24535.576851851773,4.152,83.383,b'1',None,b'B',b'B',b'B',None,2,2017-03-05 13:38:34,85,174.0,174.44000244140625,13.180999755859375,13.180999755859375,35.06999969482422,35.0698127746582,None,None,None,b'1',b'1',b'1',b'1',b'1',b'1'
0,None,None,None,85,b'A',IN,None,None,b'A',None,None,None,None,24535.568460647948,b'1',24535.576851851773,4.152,83.383,b'1',None,b'B',b'B',b'B',None,2,2017-03-05 13:38:34,84,172.0,172.44000244140625,13.22599983215332,13.22599983215332,35.06999969482422,35.06981658935547,None,None,None,b'1',b'1',b'1',b'1',b'1',b'1'
0,None,None,None,85,b'A',IN,None,None,b'A',None,None,None,None,24535.568460647948,b'1',24535.576851851773,4.152,83.383,b'1',None,b'B',b'B',b'B',None,2,2017-03-05 13:38:34,83,170.0,170.44000244140625,13.241000175476074,13.241000175476074,35.06999969482422,35.06981658935547,None,None,None,b'1',b'1',b'1',b'1',b'1',b'1'
0,None,None,None,85,b'A',IN,None,None,b'A',None,None,None,None,24535.568460647948,b'1',24535.576851851773,4.152,83.383,b'1',None,b'B',b'B',b'B',None,2,2017-03-05 13:38:34,82,168.0,168.44000244140625,13.258000373840332,13.258000373840332,35.07099914550781,35.07081604003906,None,None,None,b'1',b'1',b'1',b'1',b'1',b'1'
0,None,None,None,85,b'A',IN,None,None,b'A',None,None,None,None,24535.568460647948,b'1',24535.576851851773,4.152,83.383,b'1',None,b'B',b'B',b'B',None,2,2017-03-05 13:38:34,81,166.0,166.44000244140625,13.312999725341797,13.312999725341797,35.071998596191406,35.071815490722656,None,None,None,b'1',b'1',b'1',b'1',b'1',b'1'
0,None,None,None,85,b'A',IN,None,None,b'A',None,None,None,None,24535.568460647948,b'1',24535.576851851773,4.152,83.383,b'1',None,b'B',b'B',b'B',None,2,2017-03-05 13:38:34,80,164.0,164.44000244140625,13.359999656677246,13.359999656677246,35.069000244140625,35.068817138671875,None,None,None,b'1',b'1',b'1',b'1',b'1',b'1'
0,None,None,None,85,b'A',IN,None,None,b'A',None,None,None,None,24535.568460647948,b'1',24535.576851851773,4.152,83.383,b'1',None,b'B',b'B',b'B',None,2,2017-03-05 13:38:34,79,162.0,162.44000244140625,13.383999824523926,13.383999824523926,35.066001892089844,35.06581497192383,None,None,None,b'1',b'1',b'1',b'1',b'1',b'1'
0,None,None,None,85,b'A',IN,None,None,b'A',None,None,None,None,24535.568460647948,b'1',24535.576851851773,4.152,83.383,b'1',None,b'B',b'B',b'B',None,2,2017-03-05 13:38:34,78,160.0,160.44000244140625,13.411999702453613,13.411999702453613,35.064998626708984,35.064815521240234,None,None,None,b'1',b'1',b'1',b'1',b'1',b'1'
0,None,None,None,85,b'A',IN,None,None,b'A',None,None,None,None,24535.568460647948,b'1',24535.576851851773,4.152,83.383,b'1',None,b'B',b'B',b'B',None,2,2017-03-05 13:38:34,77,158.0,158.44000244140625,13.444999694824219,13.444999694824219,35.05500030517578,35.05481719970703,None,None,None,b'1',b'1',b'1',b'1',b'1',b'1'
0,None,None,None,85,b'A',IN,None,None,b'A',None,None,None,None,24535.568460647948,b'1',24535.576851851773,4.152,83.383,b'1',None,b'B',b'B',b'B',None,2,2017-03-05 13:38:34,92,188.0,188.44000244140625,12.697999954223633,12.697999954223633,35.09400177001953,35.09381103515625,None,None,None,b'1',b'1',b'1',b'1',b'1',b'1'
0,None,None,None,85,b'A',IN,None,None,b'A',None,None,None,None,24535.568460647948,b'1',24535.576851851773,4.152,83.383,b'1',None,b'B',b'B',b'B',None,2,2017-03-05 13:38:34,93,190.0,190.44000244140625,12.659000396728516,12.659000396728516,35.095001220703125,35.09481430053711,None,None,None,b'1',b'1',b'1',b'1',b'1',b'1'
0,None,None,None,85,b'A',IN,None,None,b'A',None,None,None,None,24535.568460647948,b'1',24535.576851851773,4.152,83.383,b'1',None,b'B',b'B',b'B',None,2,2017-03-05 13:38:34,94,192.0,192.44000244140625,12.63700008392334,12.63700008392334,35.09700012207031,35.0968132019043,None,None,None,b'1',b'1',b'1',b'1',b'1',b'1'
0,None,None,None,85,b'A',IN,None,None,b'A',None,None,None,None,24535.568460647948,b'1',24535.576851851773,4.152,83.383,b'1',None,b'B',b'B',b'B',None,2,2017-03-05 13:38:34,95,194.0,194.44000244140625,12.61299991607666,12.61299991607666,35.097999572753906,35.09781265258789,None,None,None,b'1',b'1',b'1',b'1',b'1',b'1'
0,None,None,None,85,b'A',IN,None,None,b'A',None,None,None,None,24535.568460647948,b'1',24535.576851851773,4.152,83.383,b'1',None,b'B',b'B',b'B',None,2,2017-03-05 13:38:34,111,226.0,226.44000244140625,12.260000228881836,12.260000228881836,35.090999603271484,35.09081268310547,None,None,None,b'1',b'1',b'1',b'1',b'1',b'1'
0,None,None,None,85,b'A',IN,None,None,b'A',None,None,None,None,24535.568460647948,b'1',24535.576851851773,4.152,83.383,b'1',None,b'B',b'B',b'B',None,2,2017-03-05 13:38:34,110,224.0,224.44000244140625,12.281000137329102,12.281000137329102,35.090999603271484,35.09081268310547,None,None,None,b'1',b'1',b'1',b'1',b'1',b'1'
0,None,None,None,85,b'A',IN,None,None,b'A',None,None,None,None,24535.568460647948,b'1',24535.576851851773,4.152,83.383,b'1',None,b'B',b'B',b'B',None,2,2017-03-05 13:38:34,109,222.0,222.44000244140625,12.288000106811523,12.288000106811523,35.090999603271484,35.09081268310547,None,None,None,b'1',b'1',b'1',b'1',b'1',b'1'
0,None,None,None,85,b'A',IN,None,None,b'A',None,None,None,None,24535.568460647948,b'1',24535.576851851773,4.152,83.383,b'1',None,b'B',b'B',b'B',None,2,2017-03-05 13:38:34,108,220.0,220.44000244140625,12.303000450134277,12.303000450134277,35.09000015258789,35.08980941772461,None,None,None,b'1',b'1',b'1',b'1',b'1',b'1'
0,None,None,None,85,b'A',IN,None,None,b'A',None,None,None,None,24535.568460647948,b'1',24535.576851851773,4.152,83.383,b'1',None,b'B',b'B',b'B',None,2,2017-03-05 13:38:34,107,218.0,218.44000244140625,12.331999778747559,12.331999778747559,35.0890007019043,35.088809967041016,None,None,None,b'1',b'1',b'1',b'1',b'1',b'1'
0,None,None,None,85,b'A',IN,None,None,b'A',None,None,None,None,24535.568460647948,b'1',24535.576851851773,4.152,83.383,b'1',None,b'B',b'B',b'B',None,2,2017-03-05 13:38:34,106,216.0,216.44000244140625,12.371999740600586,12.371999740600586,35.0880012512207,35.08781051635742,None,None,None,b'1',b'1',b'1',b'1',b'1',b'1'
0,None,None,None,85,b'A',IN,None,None,b'A',None,None,None,None,24535.568460647948,b'1',24535.576851851773,4.152,83.383,b'1',None,b'B',b'B',b'B',None,2,2017-03-05 13:38:34,105,214.0,214.44000244140625,12.392000198364258,12.392000198364258,35.09000015258789,35.089813232421875,None,None,None,b'1',b'1',b'1',b'1',b'1',b'1'
0,None,None,None,85,b'A',IN,None,None,b'A',None,None,None,None,24535.568460647948,b'1',24535.576851851773,4.152,83.383,b'1',None,b'B',b'B',b'B',None,2,2017-03-05 13:38:34,151,306.0,306.44000244140625,11.16100025177002,11.16100025177002,35.0620002746582,35.061805725097656,None,None,None,b'1',b'1',b'1',b'1',b'1',b'1'
0,None,None,None,85,b'A',IN,None,None,b'A',None,None,None,None,24535.568460647948,b'1',24535.576851851773,4.152,83.383,b'1',None,b'B',b'B',b'B',None,2,2017-03-05 13:38:34,104,212.0,212.44000244140625,12.40999984741211,12.40999984741211,35.090999603271484,35.09081268310547,None,None,None,b'1',b'1',b'1',b'1',b'1',b'1'
0,None,None,None,85,b'A',IN,None,None,b'A',None,None,None,None,24535.568460647948,b'1',24535.576851851773,4.152,83.383,b'1',None,b'B',b'B',b'B',None,2,2017-03-05 13:38:34,102,208.0,208.44000244140625,12.47599983215332,12.47599983215332,35.09700012207031,35.0968132019043,None,None,None,b'1',b'1',b'1',b'1',b'1',b'1'
0,None,None,None,85,b'A',IN,None,None,b'A',None,None,None,None,24535.568460647948,b'1',24535.576851851773,4.152,83.383,b'1',None,b'B',b'B',b'B',None,2,2017-03-05 13:38:34,101,206.0,206.44000244140625,12.517999649047852,12.517999649047852,35.099998474121094,35.09981155395508,None,None,None,b'1',b'1',b'1',b'1',b'1',b'1'
0,None,None,None,85,b'A',IN,None,None,b'A',None,None,None,None,24535.568460647948,b'1',24535.576851851773,4.152,83.383,b'1',None,b'B',b'B',b'B',None,2,2017-03-05 13:38:34,100,204.0,204.44000244140625,12.559000015258789,12.559000015258789,35.10200119018555,35.10181427001953,None,None,None,b'1',b'1',b'1',b'1',b'1',b'1'
0,None,None,None,85,b'A',IN,None,None,b'A',None,None,None,None,24535.568460647948,b'1',24535.576851851773,4.152,83.383,b'1',None,b'B',b'B',b'B',None,2,2017-03-05 13:38:34,99,202.0,202.44000244140625,12.572999954223633,12.572999954223633,35.10300064086914,35.102813720703125,None,None,None,b'1',b'1',b'1',b'1',b'1',b'1'
0,None,None,None,85,b'A',IN,None,None,b'A',None,None,None,None,24535.568460647948,b'1',24535.576851851773,4.152,83.383,b'1',None,b'B',b'B',b'B',None,2,2017-03-05 13:38:34,98,200.0,200.44000244140625,12.576000213623047,12.576000213623047,35.10300064086914,35.102813720703125,None,None,None,b'1',b'1',b'1',b'1',b'1',b'1'
0,None,None,None,85,b'A',IN,None,None,b'A',None,None,None,None,24535.568460647948,b'1',24535.576851851773,4.152,83.383,b'1',None,b'B',b'B',b'B',None,2,2017-03-05 13:38:34,97,198.0,198.44000244140625,12.581000328063965,12.581000328063965,35.0989990234375,35.098812103271484,None,None,None,b'1',b'1',b'1',b'1',b'1',b'1'
0,None,None,None,85,b'A',IN,None,None,b'A',None,None,None,None,24535.568460647948,b'1',24535.576851851773,4.152,83.383,b'1',None,b'B',b'B',b'B',None,2,2017-03-05 13:38:34,96,196.0,196.44000244140625,12.60099983215332,12.60099983215332,35.097999572753906,35.09781265258789,None,None,None,b'1',b'1',b'1',b'1',b'1',b'1'
0,None,None,None,85,b'A',IN,None,None,b'A',None,None,None,None,24535.568460647948,b'1',24535.576851851773,4.152,83.383,b'1',None,b'B',b'B',b'B',None,2,2017-03-05 13:38:34,103,210.0,210.44000244140625,12.442999839782715,12.442999839782715,35.095001220703125,35.094810485839844,None,None,None,b'1',b'1',b'1',b'1',b'1',b'1'
1,None,None,None,85,b'A',IN,None,None,b'A',None,None,None,None,24535.568460647948,b'1',24535.576851851773,4.152,83.383,b'1',None,b'D',b'D',b'D',None,2,2017-03-05 13:38:34,58,2001.510009765625,2001.949951171875,2.7346999645233154,2.7346999645233154,34.781700134277344,34.781700134277344,None,None,None,b'1',b'1',b'1',b'1',b'1',b'1'
